company_name,phone,address,postal_code,municipality,province,business_purpose,social_capital,start_date,coordinates,url
ARNAUD BCN GROUP SL,+34932531187,CL PALLARS NUM.193,08005,Barcelona,Barcelona,"ACTIVIDAD PRINCIPAL: 7020 / OTRAS ACTIVIDADES DE CONSULTORIA DE GESTION EMPRESARIAL. OTRAS ACTIVIDADES: 9699 / OTROS SERVICIOS PERSONALES N.C.O.P.. 4618 / ACTIVIDADES DE INTERMEDIARIOS DEL COMERCIO AL POR MAYOR DE OTROS, ETC","3.000,00 Euros",29/05/2025,"41.40139535552083,2.197441270878622",https://www.datoscif.es/empresa/arnaud-bcn-group-sl
EL ENCANTO MEDIA SL,+34916165875,C/ ACTOR TONY LEBLANC 20,28670,Villaviciosa de Odón,Madrid,Relaciones públicas y comunicación,"3.000,00 Euros",29/05/2025,"40.35728026052315,-3.91098112584542",https://www.datoscif.es/empresa/el-encanto-media-sl
ACHIEVE TALENT ANGELS SL,+34911332615,PASEO DE LA CASTELLANA 216 8º,28046,Madrid,Madrid,Otras actividades de consultoría de gestión empresarial,"3.000,00 Euros",30/05/2025,"40.46673367863993,-3.68812097263952",https://www.datoscif.es/empresa/achieve-talent-angels-sl
BEGORA HOME SL,+34911271259,"C/ GRAFITO, NUMERO 22, PUERTA C, ESCALERA 3, PLANT",28850,Torrejón de Ardoz,Madrid,Otras actividades de consultoría de gestión empresarial,"3.000,00 Euros",01/06/2025,"40.45163778707254,-3.46391675908544",https://www.datoscif.es/empresa/begora-home-sl
EP PROJECT & INVEST SL,+34965201133,CALLE MAISONNAVE Número31 1 B,03003,Alicante/Alacant,Alicante/Alacant,Las actividades correspondientes a los códigos y descripciones del CNAE: 7111 - Servicios técnicos de arquitectura. -Intermediación-.6820 - Alquiler de bienes inmobiliarios por cuenta propia. 4101 - Construcción de edificios residenciales. 6811 - Compraventa de bienes inmobiliarios por cuenta propia,"5.000,00 Euros",08/05/2025,"38.34321852114545,-0.49102311800645",https://www.datoscif.es/empresa/ep-project-invest-sl
2B INGENIEROS ESP SL,+34624609595,"AVDA POLONIA , 220 0 1 - GRAN ALACANT",03130,Santa Pola,Alicante/Alacant,CNAE 7112 - Servicios técnicos de ingeniería y otras actividades relacionadas con el asesoramiento técnico. Tiene la intermediación en las actividades profesionales,"3.000,00 Euros",01/06/2025,"38.24127017092365,-0.52876116611645",https://www.datoscif.es/empresa/2b-ingenieros-esp-sl
RETAINING NETWORK SL,+34933210656,CL JOAQUIM RUYRA NUM.9,08025,Barcelona,Barcelona,ACTIVIDAD PRINCIPAL: 7112 / SERVICIOS TECNICOS DE INGENIERIA Y OTRAS ACTIVIDADES RELACIONADAS CON EL ASESORAMIENTO TECNICO,"3.000,00 Euros",02/06/2025,"41.40591030564897,2.163777348928759",https://www.datoscif.es/empresa/retaining-network-sl
ECO GREEN CORP SL,+34657600473,"PZ EUROPA, 9-11, 15D",08907,L'Hospitalet de Llobregat,Barcelona,"ACTIVIDAD PRINCIPAL: CNAE 7112 INTERMEDIACION EN LA PRESTACION DE SERVICIOS TECNICOS DE INGENIERIA Y OTRAS ACTIVIDADES RELACIONADAS CON EL ASESORAMIENTO TECNICO. OTRAS ACTIVIDADES: CNAE 4321, ETC","3.000,00 Euros",15/04/2025,"41.35308728963408,2.113645601346087",https://www.datoscif.es/empresa/eco-green-corp-sl
AJULESA G &B SL,+34924207375,"AVDA ESPAÑA, 18 2º 10003",10002,Cáceres,Cáceres,Actividades jurídicas,"3.000,00 Euros",05/05/2025,"39.46938125231717,-6.37956995624518",https://www.datoscif.es/empresa/ajulesa-g-b-sl
SUAREZ ASESORIA GLOBAL SL,+34606453026,"AVDA DA MARIÑA, 42, SAN CIBRAO 27890",27890,Cervo,Lugo,"a) Actividades de contabilidad, teneduría de libros, auditoría y asesoría fiscal; (CNAE 6920). b) Otra educación n.c.o.p; (CNAE 8559). c) Actividades de diseño gráfico y de comunicación visual; (CNAE 7412)","3.000,00 Euros",22/05/2025,"43.69450392103317,-7.44234543125893",https://www.datoscif.es/empresa/suarez-asesoria-global-sl
MUPED CONSULTORIA FISCAL SL,+34937114763,PS COMERC NUM.14 P.1 PTA.B,08203,Sabadell,Barcelona,"ACTIVIDAD PRINCIPAL: 6920 / ACTIVIDADES DE CONTABILIDAD, TENEDURIA DE LIBROS, AUDITORIA Y ASESORIA FISCAL","3.000,00 Euros",29/05/2025,"41.53165725597405,2.115092305835340",https://www.datoscif.es/empresa/muped-consultoria-fiscal-sl
SAEDI ORIGEN SL,+34938818687,"CM DE CAN VERNET, 14 BIS",08173,Sant Cugat del Vallès,Barcelona,"SERVICIOS CONTABLES, SERVICIOS DE ASESORAMIENTO Y GESTION ECONOMICA, ASESORIA FISCAL, CONTABLE, LABORAL Y MERCANTIL. CONSULTORIA, ANALISIS DE BALANCES Y PRESENTACION DE ESTADOS FINANCIEROS Y CONTABLES. CNAE 6920","3.000,00 Euros",30/04/2025,"41.47609896005061,2.077646761163186",https://www.datoscif.es/empresa/saedi-origen-sl
AIBARA GESTIO 2025 SL,+34977663607,"PASEO DE LA MASIA BLANCA, 19 Bl.C Esc.C 1º 1 43880",43880,El Vendrell,Tarragona,"Actividades de contabilidad, teneduría de libros, auditoría y asesoría fiscal","3.000,00 Euros",21/05/2025,"41.18032737456431,1.513104734382933",https://www.datoscif.es/empresa/aibara-gestio-2025-sl
OVETUS ABOGADOS & CONSULTORES SL,+34985278163,"PLAZA PRIMO DE RIVERA, 1-OFICINA 12-A 33001",33001,Oviedo,Asturias,"CNAE: 7020. Otras actividades de consultoría de gestión empresarial. En aquellas actividades que tuvieran carácter profesional la sociedad actuará como mediadora. Objeto: Las actividades de consultoría, de gestión empresarial, los servicios de intermediación para actividades inmobiliarias, así como","12.000,00 Euros",13/05/2025,"43.36793923185628,-5.84898950195429",https://www.datoscif.es/empresa/ovetus-abogados-consultores-sl
ESTRATEGIAS DE IMPLANTACION SL,+34961379600,AVDA BENJAMIN FRANKLIN 12,46980,Paterna,Valencia,"Actividad principal: 70.20 / Otras actividades de consultoría de gestión empresarial. Otras actividades: 43.50 / Actividades de construcción especializada en ingeniería civil, 77.39 / Alquiler de otra maquinaria, equipos y bienes tangibles n.c.o.p., 46.89 / Otro comercio al por mayor especializado n","3.000,00 Euros",01/06/2025,"39.54809686031599,-0.46084270550861",https://www.datoscif.es/empresa/estrategias-de-implantacion-sl
MARSO NOI SL,+34976968249,PASEO INDEPENDENCIA 19 4º 1ª,50001,Zaragoza,Zaragoza,"CNAE 7020. 1. La compra, suscripción, permuta y venta de valores mobiliarios, por cuenta propia y sin actividad de intermediación, con la finalidad de dirigir, administrar y gestionar dichas participaciones.  Se exceptúan las actividades expresamente reservadas por la Ley a las Instituciones de Inver","3.500,00 Euros",26/05/2025,"41.65070765334745,-0.88188244055305",https://www.datoscif.es/empresa/marso-noi-sl
CONVALIDACIONS CATALUNYA SL,+34666861646,CL LA RIERA NUM.22 P.2,08301,Mataró,Barcelona,ACTIVIDAD PRINCIPAL: 7020 / OTRAS ACTIVIDADES DE CONSULTORIA DE GESTION EMPRESARIAL. OTRAS ACTIVIDADES: 8559 / OTRA EDUCACION N.C.O.P.. 8569 / ACTIVIDADES AUXILIARES A LA EDUCACION N.C.O.P,"3.000,00 Euros",30/05/2025,"41.54321063656591,2.454513654353515",https://www.datoscif.es/empresa/convalidacions-catalunya-sl
PROFESSIONAL LAND SERVICES ON DESTINATION SL,+34922027310,"C/ SAN JUAN, 15-PLANTA 1ª, PUERTA 9 38203",38203,San Cristóbal de La Laguna,Santa Cruz de Tenerife,"ACTIVIDAD PRINCIPAL: - (CNAE 79.11). Actividades de las agencias de viajes. -OTRAS ACTIVIDADES: -Actividades de los operadores turísticos. -Otros servicios de reservas y actividades relacionadas con los mismos. - Limpieza general de edificios. - Construcción, instalaciones y mantenimiento. - Comerci","3.000,00 Euros",16/04/2025,"28.46781206811339,-16.2846632006206",https://www.datoscif.es/empresa/professional-land-services-on-destination-sl
SU VIAJE HUESCA SL,+34974564931,C/ LOS OLIVOS 11 2 H,22005,Huesca,Huesca,Agencia de viajes -CNAE 7911-,"3.000,00 Euros",10/04/2025,"42.13038662464298,-0.40660222820348",https://www.datoscif.es/empresa/su-viaje-huesca-sl
METRANSFERS GESTION SL,+34933737851,AV MARE DE DEU DE MONTSERRAT NUM.18 P.5 PTA.2,08970,Sant Joan Despí,Barcelona,"ACTIVIDAD PRINCIPAL: 7911 / ACTIVIDADES DE LAS AGENCIAS DE VIAJES. OTRAS ACTIVIDADES: 7751 / SERVICIOS DE INTERMEDIACION PARA EL ALQUILER DE AUTOMOVILES, AUTOCARAVANAS Y REMOLQUES. 7711 / ALQUILER DE AUTOMOVILES , ETC","3.000,00 Euros",30/05/2025,"41.36944767355641,2.065210894332792",https://www.datoscif.es/empresa/metransfers-gestion-sl
SAYA CAT SL,100015293,AV CAN BORDOLL NUM.118,08202,Sabadell,Barcelona,"ACTIVIDAD PRINCIPAL: 8110 / SERVICIOS INTEGRALES A EDIFICIOS E INSTALACIONES. OTRAS ACTIVIDADES: 8122 / OTRAS ACTIVIDADES DE LIMPIEZA INDUSTRIAL Y DE EDIFICIOS.  5611 / RESTAURANTES. 4334 / PINTURA Y ACRISTALAMIENTO, ETC","3.000,00 Euros",29/05/2025,"41.53527768808966,2.130472000011476",https://www.datoscif.es/empresa/saya-cat-sl
SUPERBRILLOMAX C'S SL,+34918026326,"C/ FERNAN GONZALEZ 7, PUERTA D, PLANTA 4 4 D",28803,Alcalá de Henares,Madrid,Limpieza general de edificios,"3.000,00 Euros",29/05/2025,"40.47441430834451,-3.37611068456839",https://www.datoscif.es/empresa/superbrillomax-c-s-sl
ROMERITO INVESTMENTS & PROPERTIES SL,+34952363548,C/ ESPACIO 48,29006,Málaga,Málaga,"Actividad principal: ""Organización de convenciones y ferias de muestras"", CNAE 82.30 Otras actividades: Promoción inmobiliaria. Alquiler de bienes inmobiliarias por cuenta propia","9.000,00 Euros",06/05/2025,"36.69966044853431,-4.47470130097368",https://www.datoscif.es/empresa/romerito-investments-properties-sl
INNOCAF TECH SL,+34982310276,"RU DOS TRANSPORTES, 7-POLIGONO INDUSTRIAL O CEAO 2",27003,Lugo,Lugo,"Servicios empresariales de investigación, desarrollo e innovación, servicios de consultoría profesional relacionados con la elaboración de café tostado y la tecnología alimentaria. (CNAE 7490)","3.000,00 Euros",18/02/2025,"43.04545654499761,-7.56250744585074",https://www.datoscif.es/empresa/innocaf-tech-sl
INVERSIONES YAROT SL,+34951550500,C/ MANUEL DE FALLA 1 BAJO D - SAN PEDRO DE ALCANTA,29670,Marbella,Málaga,CNAE y ACTIVIDAD principal: 77.11 Alquiler de automóviles y vehículos de motor ligeros. Otras actividades: Reparto a domicilio transporte de carga por carretera; Compraventa y reparación de vehículos; Reparación y mantenimiento de instalaciones y maquinaria; Otro acabado de edificios; Comercio al po,"3.000,00 Euros",21/05/2025,,https://www.datoscif.es/empresa/inversiones-yarot-sl
PROSHIFT BBALL SL,+34626797672,C/ POETA LEON FELIPE 18 1º 1ª,,Zaragoza,Zaragoza,"CNAE 8551. Escuelas y servicios de perfeccionamiento del deporte.  Servicios para la mejora de entrenadores y jugadores (mentorías, asesorías, seguimiento en vídeo de jugadores...). Colaboración con agencias de jugadores deportivos como comisionista","3.000,00 Euros",01/06/2025,,https://www.datoscif.es/empresa/proshift-bball-sl
LAURUS REGENERATIVE SL,+34954448499,CLLON DEL PERCHEL 4 Esc.1 4,29002,Málaga,Málaga,"ACTIVIDAD PRINCIPAL: 85.59 / OTRA EDUCACION N.C.O.P. Otras actividades: 74.99 / Todas las demás actividades profesionales, científicas y técnicas n.c.o.p., 82.30 / Organización de convenciones y ferias de muestras, 82.40 / Actividades de intermediación para servicios de apoyo a las empresas n.c.o.p","3.000,00 Euros",02/06/2025,"36.71533258958154,-4.43014586011884",https://www.datoscif.es/empresa/laurus-regenerative-sl
DENTEKIA ACADEMY SL,+34697935323,CL COMTE BORRELL NUM.35 P.4 PTA.4,08015,Barcelona,Barcelona,ACTIVIDAD PRINCIPAL: 8559 / OTRA EDUCACION N.C.O.P,"3.000,00 Euros",09/06/2025,"41.37642851351350,2.163385553457330",https://www.datoscif.es/empresa/dentekia-academy-sl
ADARA CLINICA MEDICO Y ESTETICA SL,+34983653250,"C/ MAESTRA, 131 0º 01 23100",23100,Mancha Real,Jaén,Actividad principal: 86.21 Actividades de medicina general y de medicina familiar y comunitaria,"3.000,00 Euros",13/07/2025,"37.78654109504410,-3.60872699531668",https://www.datoscif.es/empresa/adara-clinica-medico-y-estetica-sl
SUTURO SALUD SL,+34659484338,"C/ ARZOBISPO MALVAR 13, 2º C",36002,Pontevedra,Pontevedra,"CNAE 8621: a).- La intermediación y gestión para la realización, a través de los oportunos profesionales, de todo tipo de actividades médicas y/o prestación de servicios médicos, tratamientos, técnicas en desarrollo y/o que se desarrollen en el futuro, o la utilización de cualquier otra técnica o i","3.000,00 Euros",24/04/2025,"42.43385031991080,-8.64844584996196",https://www.datoscif.es/empresa/suturo-salud-sl
ACTUACIONES ASISTENCIALES MMC SL,+34931600051,AV DIAGONAL NUM.363 P.2 PTA.2,08037,Barcelona,Barcelona,PRESTACION DE SERVICIOS ASISTENCIALES DESTINADA AL CUIDADO Y ATENCION INTEGRAL DE LAS PERSONAS. CNAE 87.10 ASISTENCIA EN ESTABLECIMIENTOS RESIDENCIALES CON CUIDADOS SANITARIOS,"3.000,00 Euros",19/05/2025,"41.39706494529501,2.163057684423140",https://www.datoscif.es/empresa/actuaciones-asistenciales-mmc-sl
GOMEZ GESTION INTEGRAL SL,+34913030000,"C/ CEPA, 6 2º E-EDIFICIO DEFI 18611",18611,Molvízar,Granada,"Constituye la actividad principal de la Sociedad es: la gestión de instalaciones deportivas (CNAE 9311). También tiene por objeto: La realización de actividades deportivas, recreativas y de entretenimiento (CNAE 9312. 9313, 9319. 9329). La explotación de negocios de hostelería..","3.000,00 Euros",19/05/2025,"36.78842625455673,-3.61172169049596",https://www.datoscif.es/empresa/gomez-gestion-integral-sl
ATHLETIC TALENTS GROUP SL,+34937870351,RB ANTON FRANCH NUM.5,08224,Terrassa,Barcelona,ACTIVIDAD PRINCIPAL: 9311 / GESTION DE INSTALACIONES DEPORTIVAS. OTRAS ACTIVIDADES: 9313 / ACTIVIDADES DE LOS CENTROS DEPORTIVOS. 9319 / ACTIVIDADES DEPORTIVAS N.C.O.P,"3.000,00 Euros",29/05/2025,"41.55154209206958,2.008089371283275",https://www.datoscif.es/empresa/athletic-talents-group-sl
XSPORT ROTA SL,346969174,"C/ HIGUERETA, 32 3º 11520",11520,Rota,Cádiz,Actividad principal: gestión y explotación de centros de entrenamientosfísicos y deportivos.-CNAE principal: 9312.- Actividades de los clubes deportivos.Otros CNAE:V9311.- Gestión de instalaciones deportivas93.29. Actividades recreativas y de entretenimiento n.c.o.p.Otras actividades:-,"3.000,00 Euros",14/05/2025,"36.61883076134656,-6.36072675593291",https://www.datoscif.es/empresa/xsport-rota-sl
FUERZA Y HONOR MASSANASSA SL,+34673256911,C/ PERE EL CEREMONIIOS 10 3,46460,Silla,Valencia,"Actividad principal: 1.- Las actividades de gimnasios, clubes e instalaciones de fitness y culturismo -CNAE 93.13-. 2.- Gestión, promoción y explotación de instalaciones y establecimientos deportivos, así como la organización de eventos deportivos -CNAE 93.11-. 3.- La promoción, práctica, enseñanza","3.000,00 Euros",08/05/2025,,https://www.datoscif.es/empresa/fuerza-y-honor-massanassa-sl
JUDO BARCELONA SL,+34933254934,CL MARQUES DE SENTMENAT NUM.26,08014,Barcelona,Barcelona,"ACTIVIDAD PRINCIPAL: 9319 / ACTIVIDADES DEPORTIVAS N.C.O.P.. OTRAS ACTIVIDADES: 8695 / ACTIVIDADES DE FISIOTERAPIA. 8696 / ACTIVIDADES DE MEDICINA TRADICIONAL, COMPLEMENTARIA Y ALTERNATIVA","3.000,00 Euros",26/05/2025,"41.38453096249236,2.136537344897399",https://www.datoscif.es/empresa/judo-barcelona-sl
SUNSET AFFAIRS SL,+34651593807,C/ TORREONES 9,03710,Calp,Alicante/Alacant,Actividades recreativas y de entretenimiento,"300,00 Euros",14/05/2025,"38.64453145487251,0.044083462792404",https://www.datoscif.es/empresa/sunset-affairs-sl
MALAGA GAMING LAB SL,+34719261258,CALLE ALCALDE GUILLERMO REIN Número152,29006,Málaga,Málaga,Actividad principal: 93.29 / Actividades recreativas y de entretenimiento n.c.o.p. Otras actividades: 56.30 / Servicios de bebidas.-,"4.000,00 Euros",01/06/2025,"36.71140434135705,-4.48347939433120",https://www.datoscif.es/empresa/malaga-gaming-lab-sl
LIMA STRATEGY SL,+34916639625,AVDA JESUS DE MONASTERIO 2 - CHALET 26,28706,San Sebastián de los Reyes,Madrid,"La sociedad tiene como actividad principal la gestión, organización y desarrollo de diversas actividades recreativas. El código Nacional de Actividades Económicas a dicha actividad es el número 9329, relativo a Actividades recreativas y de entretenimiento n.c.o.p","3.000,00 Euros",24/04/2025,"40.60277048266742,-3.58501835670380",https://www.datoscif.es/empresa/lima-strategy-sl
WAU BIENESTAR MASCOTAS SL,346417440,PASEO DE LA CASTELLANA 194 - CINK COWORKING- PLANT,28046,Madrid,Madrid,9609 Otros servicios personales n.c.o.p,"3.000,00 Euros",26/05/2025,"40.46171109666931,-3.68861829504856",https://www.datoscif.es/empresa/wau-bienestar-mascotas-sl
APUNTO ELECTROSERVICIOS SL,346642415,C/ COVARRUBIAS 28 - 2º DERECHA,28010,Madrid,Madrid,Otras instalaciones en obras de construcción,"3.000,00 Euros",09/04/2025,"40.43068507316207,-3.69780031080290",https://www.datoscif.es/empresa/apunto-electroservicios-sl
NALEVIR SL,+34976677950,AVDA COSCULLUELA 10 Esc.3 3º A,50600,Ejea de los Caballeros,Zaragoza,"CNAE 4331. Trabajos de albañilería en general, incluyendo la ejecución de obras de construcción. reforma y rehabilitación, así como la aplicación de yesos, morteros y pladur en todo tipo de edificaciones. También realizará enfoscados, alisados, tabiquería y falsos techos, tanto en interiores como en","6.000,00 Euros",26/05/2025,"42.12547776562625,-1.13903093767469",https://www.datoscif.es/empresa/nalevir-sl
ESBRIKER SL,346241095,AV CARMEN AMAYA NUM.30 P.4 PTA.2,08902,L'Hospitalet de Llobregat,Barcelona,ACTIVIDAD PRINCIPAL: 4332 / INSTALACION DE CARPINTERIA.  OTRAS ACTIVIDADES: 4941 / TRANSPORTE DE MERCANCIAS POR CARRETERA. 4399 / OTRAS ACTIVIDADES DE CONSTRUCCION ESPECIALIZADA N.C.O.P,"500,00 Euros",30/05/2025,"41.35540519674472,2.118370673198168",https://www.datoscif.es/empresa/esbriker-sl
KALPAÑI SL,+34913272978,"PASEO DE LA CASTELLANA 257, TORRE SUR",28046,Madrid,Madrid,SERVICIOS DE HOSTELERIA Y DE RESTAURACION,"1.000,00 Euros",22/05/2025,"40.47513839107579,-3.68856304475359",https://www.datoscif.es/empresa/kalpani-sl
BRIDGESTONE ASSOCIATES SL,+34918106239,"C/ SIERRA ALBARRACIN 26 - PUERTA B, PLANTA 3",28923,Alcorcón,Madrid,Actividades de sociedades holding. Servicios de bebidas.Servicios regulares de catering y otros servicios de comidas. Hoteles y alojamientos similares. Restaurantes. Alquiler de automóviles y vehículos de motor ligeros.Comercio al por menor no especializado con predominio de productos..,"3.000,00 Euros",03/06/2025,"40.34658424450036,-3.82196868931258",https://www.datoscif.es/empresa/bridgestone-associates-sl
SHIBAURUM GROUP SL,+34918762121,CALLE ARCHIPIELAGO CABRERA Número30,28350,Ciempozuelos,Madrid,"Actividades de servicios de intermediación para el comercio al por menor no especializado. Actividades de sociedades holding, Alquiler de bienes inmobiliarios por cuenta propia, Otras actividades inmobiliarias por cuenta de tercero","3.000,00 Euros",27/05/2025,"40.15418658470229,-3.63046100181583",https://www.datoscif.es/empresa/shibaurum-group-sl
PROPIEDADES FAMILIA TROYANO SL,+34910550105,AVDA DE VICALVARO Nº237,28822,Coslada,Madrid,"Actividades inmobiliarias por cuenta propia y promoción inmobiliaria.  La adquisición, promoción, explotación, administración, arrendamiento y transmisión de todo tipo de bienes inmuebles..","3.000,00 Euros",21/05/2025,"40.41597729139549,-3.54211834087125",https://www.datoscif.es/empresa/propiedades-familia-troyano-sl
MATIYURE SL,212355169,C/ GRAVINA 3 - LOCAL L-10,28004,Madrid,Madrid,"La elaboración, comercialización, distribución y venta al por menor de productos de alimentación, bebidas y productos de uso doméstico, incluyendo productos de alimentación selectos, gourmet, delicatessen, bebidas alcohólicas de alta gama y productos de origen nacional o internacional","35.000,00 Euros",14/05/2025,"40.42330261058066,-3.69826520812178",https://www.datoscif.es/empresa/matiyure-sl
JFX LICENCIAS SL,+34916497010,AVDA DE LA INDUSTRIA 21 - PUERTA 8 LOCAL 8.,28946,Fuenlabrada,Madrid,La Sociedad tiene porobjeto: Actividad Principal: 4642 - Comercioal por mayor de prendas de vestir y calzado Otras Actividades: 4690 - Comercio al por mayar no especializado 4712 - Otro comercio al por menor no especializado 4771 - Comercio al por menor de prendas de vestir,"10.000,00 Euros",14/05/2025,"40.27046741644402,-3.76351514337043",https://www.datoscif.es/empresa/jfx-licencias-sl
KIMILUX PARK SL,232243443,CL D' AGUSTI VIÑAMATA NUM.1 P.1 PTA.1,,Granollers,Barcelona,"ACTIVIDAD PRINCIPAL: 4616 / ACTIVIDADES DE INTERMEDIARIOS DEL COMERCIO AL POR MAYOR DE TEXTILES, PRENDAS DE VESTIR, PELETERIA, CALZADO YAáARTICULOS DE CUERO. OTRAS ACTIVIDADES: 4777 / COMERCIO AL POR MENOR DE ARTICULOS, ETC","18.000,00 Euros",23/05/2025,,https://www.datoscif.es/empresa/kimilux-park-sl
PINSERIA LA POPINA SL,346476579,PLAZA SANTA MARIA DEL CAMINO 2 - BAJO,24003,León,León,"Código CNAE de la actividad principal: 4617. Compraventa, importación, exportación y comercio online, tanto al por mayor como al por menor, de toda clase de productos alimenticios, en especial y aceitunas y sus derivados, encurtidos y sus derivados, aceites y derivados y vinos y derivados","3.000,00 Euros",23/05/2025,"42.59558570087403,-5.56881640689737",https://www.datoscif.es/empresa/pinseria-la-popina-sl
IMPORTACION EXPORTACION MAROC SL,+34927533782,"C/ DEHESA DE LA JARA, 14 10300",10300,Navalmoral de la Mata,Cáceres,Comercio al por mayor de animales vivos,"3.000,00 Euros",25/04/2025,,https://www.datoscif.es/empresa/importacion-exportacion-maroc-sl
COMBUSTIBLES DEL KILIMANJARO SL,+34943316766,CTRA DE BURGOS Km 22 - SALIDA 20,28709,San Sebastián de los Reyes,Madrid,"El comercio al por menor de combustible para la automoción en establecimientos especializados, con C.N.A.E. 4730","3.000,00 Euros",13/01/2025,"40.54969029725125,-3.62011420057517",https://www.datoscif.es/empresa/combustibles-del-kilimanjaro-sl
COMBUSTIBLES DEL FUJI SL,+34680134436,CTRA DE BURGOS Km 22 - SALIDA 20,28709,San Sebastián de los Reyes,Madrid,"El comercio al por menor de combustible para la automoción en establecimientos especializados, con C.N.A.E. 4730","3.000,00 Euros",13/01/2025,"40.54969029725125,-3.62011420057517",https://www.datoscif.es/empresa/combustibles-del-fuji-sl
AXOUXERE SOLUTIONS SL,+34981811462,"C/ DEFENSA JARDIN ARTISTICO, 14 Esc.1 0º B 15900",15900,Padrón,A Coruña,"La Sociedad tiene por objeto: actividad principal que constituye el objeto social es reparación y mantenimiento de ordenadores y equipos de comunicación y que le corresponde el número 95.10 así como otras actividades, NO PRINCIPALES, que a continuación se indican: CNAE 47.40.- Comercio al por menor","3.000,00 Euros",11/04/2025,"42.73748556954920,-8.65791519370678",https://www.datoscif.es/empresa/axouxere-solutions-sl
QUADERN VERMELL SL,+34652244236,C/ SOL S/N,07110,Bunyola,Illes Balears,"La compraventa de libros al por menor y al por mayor, la edición de libros y su distribución. -CNAE Actividad Principal: 4761- Comercio al por menor de libros. La organización y gestión de todo tipo de eventos culturales, tales como bodas, aniversarios, graduaciones, comuniones, bautizos, fiestas in","3.000,00 Euros",22/05/2025,"39.69610717080687,2.701010291242684",https://www.datoscif.es/empresa/quadern-vermell-sl
REINO BATATERO SL,349337947,CL ROSA LUXEMBURG BL.LOCAL NUM.14,08960,Sant Just Desvern,Barcelona,ACTIVIDAD PRINCIPAL: 4764 / COMERCIO AL POR MENOR DE JUEGOS Y JUGUETES. OTRAS ACTIVIDADES: 4762 / COMERCIO AL POR MENOR DE PERIODICOS Y OTRAS PUBLICACIONES PERIODICAS Y ARTICULOS DE PAPELERIA. 4761 / COMERCIO AL POR MENO. ETC,"10,00 Euros",01/06/2025,,https://www.datoscif.es/empresa/reino-batatero-sl
IRIA CHARGER SL,+34931358488,CL ESQUIROL NUM.4,08500,Vic,Barcelona,"DISEÑO, FABRICACION Y COMERCIALIZACION DE CARGADORES ELECTRICOS. CNAE DE LA ACTIVIDAD PRINCIPAL 4669","3.000,00 Euros",12/05/2025,"41.95381509194818,2.276966345247542",https://www.datoscif.es/empresa/iria-charger-sl
JOU CARS OSONA 2025 SL,+34938831330,CL RIPOLL NUM.65,08500,Vic,Barcelona,"LA COMPRAVENTA DE VEHICULOS, ASI COMO LA INTERMEDIACION EN OPERACIONES DE FINANCIACION, INTERMEDIACION CON ASEGURADORAS Y GESTIONES INMOBILIARIAS. EL CNAE DE LA ACTIVIDAD PRINCIPAL ES EL 4671","3.000,00 Euros",12/05/2025,"41.94700993325858,2.257451883610901",https://www.datoscif.es/empresa/jou-cars-osona-2025-sl
APEX ENERGY SL,300273969,C/ carretas 55 - SI,28770,Colmenar Viejo,Madrid,"Comercio al por mayor de combustibles sólidos, líquidos y gaseosos, y productos similares","3.000.000,00 Euros",01/06/2025,"40.66227030039570,-3.76866060655468",https://www.datoscif.es/empresa/apex-energy-sl
AG CONSTRULOW SL,+34686324480,"PLAZA DE LA LABRANZA, 5 11500",11500,El Puerto de Santa María,Cádiz,"Comercio al por mayor de madera, materiales de construcción y aparatos sanitarios","27.000,00 Euros",29/05/2025,"36.62907845530537,-6.20979160151939",https://www.datoscif.es/empresa/ag-construlow-sl
JANGS 786 SL,+34931260638,CL NICARAGUA NUM.153,08029,Barcelona,Barcelona,"ACTIVIDAD PRINCIPAL: 4711 / COMERCIO AL POR MENOR NO ESPECIALIZADO CON PREDOMINIO DE PRODUCTOS ALIMENTICIOS, BEBIDAS Y TABACO. OTRAS ACTIVIDADES: 5330 / SERVICIOS DE INTERMEDIACION PARA LAS ACTIVIDADES POSTALES ETC","3.000,00 Euros",20/07/2025,"41.38709291601689,2.136206589773012",https://www.datoscif.es/empresa/jangs-786-sl
ALIMENTOS HERMANOS LLANOS SL,+34924551400,"C/ SERRANILLO, 45",06310,Puebla de Sancho Pérez,Badajoz,"-El comercio al por menor en establecimientos no especializados, con predominio en productos alimenticios, bebidas y tabaco (CNAE 4711). -la promoción inmobiliaria de edificaciones; -la fabricación de estructuras metálicas y sus componentes. -La adquisición, administración y enajenación y, en genera","3.000,00 Euros",30/04/2025,"38.39370403266584,-6.40218944416524",https://www.datoscif.es/empresa/alimentos-hermanos-llanos-sl
FRUITIK SL,+34936617750,CL EUSEBI GUELL NUM.44 ESC.A PTA.01,08830,Sant Boi de Llobregat,Barcelona,"ACTIVIDAD PRINCIPAL: 4711 / COMERCIO AL POR MENOR NO ESPECIALIZADO CON PREDOMINIO DE PRODUCTOS ALIMENTICIOS, BEBIDAS Y TABACO. OTRAS ACTIVIDADES: 5611 / RESTAURANTES","3.000,00 Euros",15/06/2025,"41.34764185760724,2.033399478771163",https://www.datoscif.es/empresa/fruitik-sl
PISALEMA GROUP SL,+34910052628,PLAZA CIUDAD DE BRUJAS S/N - MERCADO CENTRAL,46001,València,Valencia,"-Comercio al por mayor y por menor de productos alimenticios y bebidas, y fabricación de pastas alimenticias, platos cocinados y precocinados. El código C.N.A.E de la actividad principal es: 4711.- Comercio al por menor no especializado con predominio de productos alimenticios, bebidas y tabaco","3.000,00 Euros",22/05/2025,"39.47354975101521,-0.37995514962180",https://www.datoscif.es/empresa/pisalema-group-sl
TRANSPORTES LOGISTICA VARELA E HIJO SL,+34954456677,CALLE CL GUILLERMO STEWART HOWIE Número74,,Alicante/Alacant,Alicante/Alacant,Transporte de mercancías por carretera,"60.000,00 Euros",01/06/2025,,https://www.datoscif.es/empresa/transportes-logistica-varela-e-hijo-sl
TRANSPORTES ISAAC SL,+34965107788,CALLE PRINCESA MERCEDES Número6 3 IZ,03006,Alicante/Alacant,Alicante/Alacant,Transporte de mercancías por carretera,"9.500,00 Euros",02/06/2025,"38.34517694725652,-0.50363154253201",https://www.datoscif.es/empresa/transportes-isaac-sl
TRANS ILUCION SL,+34943665639,"C/ ARRASATE, Nº3-2ºIZDA.",20005,Donostia/San Sebastián,Gipuzkoa,Transporte de mercancías por carretera,"3.000,00 Euros",08/05/2025,"43.31891773037537,-1.97967220869277",https://www.datoscif.es/empresa/trans-ilucion-sl
FASTAXION SL,+34977221414,"BLOC EL SALVADOR, Km 0 2º B 43007",43007,Tarragona,Tarragona,Transporte de mercancías por carretera,"3.100,00 Euros",01/06/2025,"41.13954425024882,1.247849155171370",https://www.datoscif.es/empresa/fastaxion-sl
URSUBA BILOBA SL,+34987550211,C/ SIERRA PAMBLEY 9 - 2º,24420,Fabero,León,Código CNAE de la actividad principal: 5510: Hoteles y alojamientos similares. Actividades de apoyo a la agricultura -CNAE 0161-; Explotación de otro ganado bovino y búfalos -CNAE 0142-; Restaurantes -CNAE 5611-; Actividades de construcción especializada en la construcción de edificios -CNAE 434-,"3.000,00 Euros",07/05/2025,"42.76770272306392,-6.62726531170505",https://www.datoscif.es/empresa/ursuba-biloba-sl
JMRD&ACO SL,556437230,"C/ CALDERON DE LA BARCA, 6 11160",11160,Barbate,Cádiz,La sociedad tiene por objeto el desarrollo de las actividades correspondientes a los siguientes códigos y descripciones de Clasificación Nacional de Actividades Económicas: Actividad Principal: 47.71 / Comercio al por menor de prendas de vestir. Otras actividades: 47.51 / Comercio al por menor de te,"3.000,00 Euros",01/04/2025,"36.19039424487342,-5.92076218168878",https://www.datoscif.es/empresa/jmrd-aco-sl
KINEVO SOLUTIONS SL,+34936934300,CL TRAVESERA DE LES CORTS NUM.348 P.7 PTA.3,08750,Barcelona,Barcelona,ACTIVIDAD PRINCIPAL: 4774 / COMERCIO AL POR MENOR DE ARTICULOS MEDICOS Y ORTOPEDICOS. OTRAS ACTIVIDADES: 4778 / COMERCIO AL POR MENOR DE OTROS PRODUCTOS NUEVOS,"3.000,00 Euros",02/06/2025,,https://www.datoscif.es/empresa/kinevo-solutions-sl
IPARFEED LOGISTIC SL,+34943618840,C/ ANTXOTXIPI Nº4.,20305,Irun,Gipuzkoa,"Actividad Principal: El transporte de mercancías por carretera en sus más amplios términos y en particular el de cereales, piensos y cualesquiera otros productos para la alimentación, tanto como materia prima como productos elaborados. Otras actividades: Actividades conexas al transporte y etc","60.000,00 Euros",14/05/2025,"43.33923416363523,-1.76413949300268",https://www.datoscif.es/empresa/iparfeed-logistic-sl
URDIAINTEAM SL,+34943376055,"C/ OLA, Nº 2 BAJO.-",20160,Lasarte-Oria,Gipuzkoa,"LA EXPLOTACION DE ESTABLECIMIENTOS DE RESTAURANTES, BARES, CAFETERIAS Y SERVICIOS DE HOSTELERIA EN GENERAL.-","10.000,00 Euros",15/05/2025,"43.26736335113927,-2.02062548102425",https://www.datoscif.es/empresa/urdiainteam-sl
CEBALLOS TEHERAN SL,+34943632126,"C/ JULIAN ETXEBERRIA Nº12, BAJO.",20600,Eibar,Gipuzkoa,"La explotación de negocios de hostelería con servicios de cafetería, bar y restaurante","3.200,00 Euros",16/04/2025,"43.18568876074453,-2.46971624426904",https://www.datoscif.es/empresa/ceballos-teheran-sl
LOKI ENTRETENIMIENTO SL,319380590,"C/ MIGUEL ARIAS, 2 06400",06400,Don Benito,Badajoz,"- La gestión y explotación de bares, cafeterías y restaurantes. - Creación y organización de eventos y espectáculos. - Elaboración de comidas preparadas. Provisión de comidas preparadas para eventos y otros servicios de comidas en establecimientos y a domicilio. Servicios de catering. C.N.A.E. de la","1.000,00 Euros",23/05/2025,"38.98048180499581,-5.86262962142414",https://www.datoscif.es/empresa/loki-entretenimiento-sl
MARKETING DIGITAL EXTREMEÑO SL,+34621344155,"C/ SEGUNDA CRUZ, 18",06400,Don Benito,Badajoz,"La prestación de toda una serie de servicios de publicidad, con recursos propios o mediante subcontratación, incluidos el asesoramiento; los servicios de creativos y la producción de material publicitario; la planificación y organización de campañas publicitarias y de marketing; la colocación de anu","3.000,00 Euros",23/05/2025,"38.95080402368485,-5.86159935260784",https://www.datoscif.es/empresa/marketing-digital-extremeno-sl
PROMINUS SITJAR SL,+34682825965,C/ GREMI DE FERRERS 39 2 A,07009,Palma,Illes Balears,"La promoción, construcción, explotación, compra, venta, alquiler y arrendamiento de bienes inmuebles, así como sus reparaciones y mantenimientos posteriores","3.000,00 Euros",30/04/2025,"39.60388402339908,2.673673337788403",https://www.datoscif.es/empresa/prominus-sitjar-sl
ALAIA AVENIDAS SL,+34871182617,AVDA COMTE SALLENT 13 BAJOS,07003,Palma,Illes Balears,"La explotación de restaurantes, cafeterías, bares, establecimientos de hostelería y demás centros de ocio, la compra y venta de productos y mercancías para la realización de aquellas explotaciones. La prestación de servicios de catering con la elaboración de comidas, banquetes, aniversarios de empre","3.000,00 Euros",08/05/2025,"39.57828604796662,2.650906511132840",https://www.datoscif.es/empresa/alaia-avenidas-sl
PROYECTOS Y CONSTRUCCIONES DIZ SL,+34971796623,C/ ANDREU FELIU 26 2 A,07010,Palma,Illes Balears,"La sociedad tiene por objeto la construcción de edificios, viviendas unifamiliares o plurifamiliares. -CNAE de la actividad principal: 410-","2.730,00 Euros",02/05/2025,"39.58323576722984,2.648225077473311",https://www.datoscif.es/empresa/proyectos-y-construcciones-diz-sl
ALPHA COOLING SPAIN SL,+34680160134,C/ GALDENT 20 - SON VIDA,07199,Palma,Illes Balears,"Comercialización, distribución, financiación y franquicia, así como el alquiler y venta de aparatos para promover la salud y el bienestar Individual. La adquisición por cualquier título, urbanización, venta, explotación y arrendamiento de terrenos y propiedades inmobiliarias de toda clase","3.000,00 Euros",15/05/2025,"39.55459088030494,2.778200089051098",https://www.datoscif.es/empresa/alpha-cooling-spain-sl
PLG NEXUS HOLDING SL,+34934150213,CL GONGORA NUM.42,08042,Barcelona,Barcelona,ACTIVIDAD PRINCIPAL: 6421 / ACTIVIDADES DE SOCIEDADES HOLDING,"1,00 Euros",22/05/2025,"41.44274503158322,2.174454234840030",https://www.datoscif.es/empresa/plg-nexus-holding-sl
ECOMOD HOMES SL,549116766,CL SEGARRA NUM.8,08233,Vacarisses,Barcelona,"ACTIVIDAD PRINCIPAL: 4101 / CONSTRUCCION DE EDIFICIOS RESIDENCIALES. OTRAS ACTIVIDADES: 4322 / FONTANERIA, INSTALACION DE SISTEMAS DE CALEFACCION Y AIRE ACONDICIONADO. 4334 / PINTURA Y ACRISTALAMIENTO. ETC","3.001,00 Euros",01/06/2025,"41.58992961919761,1.892209221572204",https://www.datoscif.es/empresa/ecomod-homes-sl
DUALEX CAPITAL SL,+34685936295,CL SANT PERE NUM.32 P.1 PTA.1,08392,Sant Andreu de Llavaneres,Barcelona,"ACTIVIDAD PRINCIPAL: 1429 / CONFECCION DE OTRAS PRENDAS DE VESTIR Y ACCESORIOS N.C.O.P.. OTRAS ACTIVIDADES: 4751 / COMERCIO AL POR MENOR DE TEXTILES.  4771 / COMERCIO AL POR MENOR DE PRENDAS DE VESTIR, ETC","3.000,00 Euros",01/06/2025,"41.55684933274141,2.496986145834247",https://www.datoscif.es/empresa/dualex-capital-sl
PROYECTO FACAI SL,+34661795210,PZ EUROPA NUM.6 P.14 PTA.E,08907,L'Hospitalet de Llobregat,Barcelona,"ACTIVIDAD PRINCIPAL: 5611 / RESTAURANTES. OTRAS ACTIVIDADES: 1085 / ELABORACION DE PLATOS Y COMIDAS PREPARADOS. 5640 / ACTIVIDADES DE INTERMEDIACION PARA LOS SERVICIOS DE COMIDAS Y BEBIDAS. 5630 / SERVICIOS DE BEBIDAS, ETC","3.000,00 Euros",29/05/2025,"41.35420196414849,2.114779539768067",https://www.datoscif.es/empresa/proyecto-facai-sl
JEMAESANT SL,+34933080475,CL DIPUTACIO NUM.238 P.5 PTA.1,08007,Barcelona,Barcelona,"LA ACTIVIDAD INMOBILIARIA EN GENERAL ENTENDIDA EN SU MAS AMPLIA ACEPCION, ASI COMO TAMBIEN LA PROMOCION DE TODO TIPO DE INMUEBLES. ETC","3.000,00 Euros",29/05/2025,"41.38835169136079,2.164863677070125",https://www.datoscif.es/empresa/jemaesant-sl
DLG CONSTRUCCIONES 73 SL,+34693956114,CL LA SELVA NUM.14,08397,Pineda de Mar,Barcelona,ACTIVIDAD PRINCIPAL: 4101 / CONSTRUCCION DE EDIFICIOS RESIDENCIALES. OTRAS ACTIVIDADES: 4102 / CONSTRUCCION DE EDIFICIOS NO RESIDENCIALES,"3.000,00 Euros",30/05/2025,"41.61986799859905,2.674219414863355",https://www.datoscif.es/empresa/dlg-construcciones-73-sl
PINEISOAK SL,+34934437900,CL CLOT NUM.179,08027,Barcelona,Barcelona,ACTIVIDAD PRINCIPAL: 6811 / COMPRAVENTA DE BIENES INMOBILIARIOS POR CUENTA PROPIA. OTRAS ACTIVIDADES: 4101 / CONSTRUCCION DE EDIFICIOS RESIDENCIALES. 6832 / OTRAS ACTIVIDADES INMOBILIARIAS POR CUENTA DE TERCEROS. 6812 / ETC,"3.000,00 Euros",19/05/2025,"41.41400249332691,2.189984923208701",https://www.datoscif.es/empresa/pineisoak-sl
ACTIMANOS BOG SL,+34934029400,CL AIGUES DEL LLOBREGAT NUM.117,08906,L'Hospitalet de Llobregat,Barcelona,"ACTIVIDAD PRINCIPAL: 4101 / CONSTRUCCION DE EDIFICIOS RESIDENCIALES. OTRAS ACTIVIDADES: 5320 / OTRAS ACTIVIDADES POSTALES Y DE MENSAJERIA. 4322 / FONTANERIA, INSTALACION DE SISTEMAS DE CALEFACCION Y AIRE ACONDICIONADO, ETC","3.000,00 Euros",02/06/2025,"41.37144413192242,2.120717858254085",https://www.datoscif.es/empresa/actimanos-bog-sl
SCACCIATO SL,+34914320066,CL VALLDOREIX NUM.10,08172,Sant Cugat del Vallès,Barcelona,ACTIVIDAD PRINCIPAL: 5611 / RESTAURANTES,"3.000,00 Euros",30/05/2025,"41.47022711772155,2.080273880911818",https://www.datoscif.es/empresa/scacciato-sl
OM SAI GLOBAL BCN SL,+34995895895,CL CRAYWINCKEL NUM.17,08022,Barcelona,Barcelona,"ACTIVIDAD PRINCIPAL: 4712 / OTRO COMERCIO AL POR MENOR NO ESPECIALIZADO. OTRAS ACTIVIDADES: 4932 / TRANSPORTE NO REGULAR DE PASAJEROS POR CARRETERA. 4321 / INSTALACIONES ELECTRICAS. 4722 / COMERCIO AL POR MENOR DE CARNE, ETC","3.000,00 Euros",02/06/2025,"41.41154101665898,2.139330612353771",https://www.datoscif.es/empresa/om-sai-global-bcn-sl
LUNALA THAI MASSAGE SL,+34611938532,CL DE PERE IV NUM.165,08018,Barcelona,Barcelona,ACTIVIDAD PRINCIPAL: 9622 / ACTIVIDADES DE CUIDADOS DE BELLEZA Y OTRAS ACTIVIDADES DE TRATAMIENTO DE BELLEZA,"2,00 Euros",30/05/2025,"41.40336874263467,2.197909884517001",https://www.datoscif.es/empresa/lunala-thai-massage-sl
TOGA AI SL,+34686592367,AV DIAGONAL NUM.449 P.4,08036,Barcelona,Barcelona,"ASESORAMIENTO EN PUBLICIDAD: PLANIFICACION Y DESARROLLO DE ESTRATEGIAS PUBLICITARIAS PARA EMPRESAS. SERVICIOS CREATIVOS: CREACION DE CAMPAÑAS PUBLICITARIAS, INCLUYENDO DISEÑOS, TEXTOS Y MATERIAL AUDIOVISUAL.ETC","3.000,00 Euros",22/04/2025,"41.39343370955541,2.149076257371331",https://www.datoscif.es/empresa/toga-ai-sl
SEFER BROTHERS SL,+34609818635,"PS MARE DE DEU DEL COLL, 72, LOCAL",08023,Barcelona,Barcelona,"CNAE ACTIVIDAD PRINCIPAL 4727: COMERCIO AL POR MENOR DE OTROS PRODUCTOS ALIMENTICIOS. COMERCIO AL MAYOR Y MENOR, DISTRIBUCION COMERCIAL, IMPORTACION Y EXPORTACION DE TODO TIPO DE PRODUCTOS RELACIONADOS CON ALIMENTACION,ETC","3.000,00 Euros",19/05/2025,"41.41092937538543,2.147942243320825",https://www.datoscif.es/empresa/sefer-brothers-sl
CUCUMBRU3000 SL,+34640705283,CL SALVADOR OLIVELLA NUM. 6 LOCAL 69,08870,Sitges,Barcelona,"6812 / PROMOCION INMOBILIARIA. OTRAS ACTIVIDADES: LA ADQUISICION, TENENCIA, EXPLOTACION, ARRENDAMIENTO, ENAJENACION Y ADMINISTRACION DE BIENES INMUEBLES, TANTO RUSTICOS COMO URBANOS, INCLUYENDO LOCALES COMERCIALES, ETC","2,00 Euros",14/04/2025,"41.23872770876609,1.805347631198444",https://www.datoscif.es/empresa/cucumbru3000-sl
SERPRODI ESPAÑA DISTRIBUCIONES SL,+34692434079,CL SAN FERRAN NUM.45 P.4 PTA.D,08205,Sabadell,Barcelona,"LA COMERCIALIZACION, DISTRIBUCION, IMPORTACION Y EXPORTACION DE PRODUCTOS ALIMENTARIO Y BEBIDAS DE TODO TIPO, TANTO AL POR MAYOR COMO AL POR MENOR.  LA INTERMEDIACION COMERCIAL NACIONAL E INTERNACIONAL, ETC","100,00 Euros",15/05/2025,,https://www.datoscif.es/empresa/serprodi-espana-distribuciones-sl
RENOV 4 YOU SL,+34902757540,CL MUNTANER NUM.322 P.3 PTA.2,08021,Barcelona,Barcelona,"LA INSTALACION Y REPARACION ELECTRICA EN GENERAL. LA REALIZACION DE TRABAJOS DE AISLAMIENTO TERMICO Y ACUSTICO EN EDIFICIOS.LA REALIZACION DE REFORMAS, REPARACIONES, REHABILITACIONES, ETC","3.000,00 Euros",29/04/2025,"41.39746875302508,2.145594255043890",https://www.datoscif.es/empresa/renov-4-you-sl
RENOVA BY BJ SL,346417533,CL MUNTANER NUM.322 P.3 PTA.2,08021,Barcelona,Barcelona,"LA INSTALACION Y REPARACION ELECTRICA EN GENERAL. LA REALIZACION DE TRABAJOS DE AISLAMIENTO TERMICO Y ACUSTICO EN EDIFICIOS. LA REALIZACION DE REFORMAS, REPARACIONES, REHABILITACIONES Y OBRAS DE CONSTRUCCION, ETC","3.000,00 Euros",24/04/2025,"41.39746875302508,2.145594255043890",https://www.datoscif.es/empresa/renova-by-bj-sl
LCO HOUSES SL,+34933562989,CL PONCE DE LEON NUM.4,08960,Sant Just Desvern,Barcelona,"ORGANIZACION, PROMOCION Y GESTION DE EVENTOS TAL Y COMO BODAS Y COMUNIONES (CNAE 96.99 - ACTIVIDAD PRINCIPAL). ORGANIZACION, PROMOCION Y GESTION DE EXPOSICIONES, CONFERENCIAS Y CONVENCIONES, TALLERES, ETC","350.000,00 Euros",14/05/2025,"41.38219180833971,2.065085208042919",https://www.datoscif.es/empresa/lco-houses-sl
LLENYES SOLE SL,+34606349493,CL ANGEL GUIMERA NUM.77 P.2 PTA.3,08397,Pineda de Mar,Barcelona,"COMPRA VENTA AL MAYOR Y AL DETALLE DE LEÑAS Y DERIVADOS. SERVICIOS FORESTALES DE LIMPIEZA Y MANTENIMIENTO DE FINCAS RUSTICAS, EXTRACCION DE LEÑA, CORCHO Y PRODUCTOS FORESTALES. COMERCIALIZACION DE PRODUCTOS FORESTALES","46.000,00 Euros",22/04/2025,,https://www.datoscif.es/empresa/llenyes-sole-sl
RZG SYSTEMS SL,+34935458795,CL JOSEP IRLA Num.9 ESC. P.1 PTA.2,08195,Sant Cugat del Vallès,Barcelona,"ACTIVIDAD PRINCIPAL 6220-ACTIVIDADES DE CONSULTORIA INFORMATICA Y GESTION DE INSTALACIONES INFORMATICAS. OTRAS ACTIVIDADES: OTRAS ACTIVIDADES DE CONSULTORIA DE GESTION EMPRESARIAL, ETC","3.000,00 Euros",19/05/2025,,https://www.datoscif.es/empresa/rzg-systems-sl
PLANEXIA PLANET SL,292572990,CL BALUARD NUM.6 P.2 PTA.3,08812,Sant Pere de Ribes,Barcelona,"CONSTRUCCION, INSTALACIONES Y MANTENIMIENTO.  IMPORTACION, EXPORTACION, COMERCIO AL POR MENOR Y MAYOR, INCLUYENDO EL COMERCIO POR INTERNET, FABRICACION, DISTRIBUCION, E INTERMEDIACION COMERCIAL DE EQUIPOS INFORMATICOS, ETC","3.000,00 Euros",12/05/2025,"41.22379578204645,1.755605834011211",https://www.datoscif.es/empresa/planexia-planet-sl
RADICE FORTE SL,+34938960196,CL BALUARD NUM.6 P.2 PTA.3,08812,Sant Pere de Ribes,Barcelona,"CONSTRUCCION, INSTALACIONES Y MANTENIMIENTO.  IMPORTACION, EXPORTACION, COMERCIO AL POR MENOR Y MAYOR, INCLUYENDO EL COMERCIO POR INTERNET, FABRICACION, DISTRIBUCION, E INTERMEDIACION COMERCIAL DE EQUIPOS INFORMATICOS, ETC","3.000,00 Euros",12/05/2025,"41.22379578204645,1.755605834011211",https://www.datoscif.es/empresa/radice-forte-sl
TERRAXEN GROUP SL,+34938933454,CL BALUARD NUM.6 P.2 PTA.3,08812,Sant Pere de Ribes,Barcelona,"CONSTRUCCION, INSTALACIONES Y MANTENIMIENTO.  IMPORTACION, EXPORTACION, COMERCIO AL POR MENOR Y MAYOR, INCLUYENDO EL COMERCIO POR INTERNET, FABRICACION, DISTRIBUCION, E INTERMEDIACION COMERCIAL DE EQUIPOS INFORMATICOS, ETC","3.000,00 Euros",12/05/2025,"41.22379578204645,1.755605834011211",https://www.datoscif.es/empresa/terraxen-group-sl
RENOVATION-SERVICES JGAM SL,+34933381548,CL OCCIDENTE NUM.38 P.1 PTA.1,08904,L'Hospitalet de Llobregat,Barcelona,"INSTALACIONES ELECTRICAS, GAS, AGUA, CALEFACCION, ENERGIA SOLAR. ENERGIA TERMICA, AIRE ACONDICIONADO, CLIMATIZACION,SERVICIOS DE LIMPIEZA, REFORMAS INTEGRALES,INSTALACIONES EN EDIFICIOS, ETC","3.050,00 Euros",24/04/2025,"41.37431277073185,2.118365330758612",https://www.datoscif.es/empresa/renovation-services-jgam-sl
GROUP TRANSITION IBERICA SL,+34614392020,CL MUNTANER NUM.322 P.3 PTA.2,08021,Barcelona,Barcelona,"LA INSTALACION Y REPARACION ELECTRICA EN GENERAL. LA REALIZACION DE TRABAJOS DE AISLAMIENTO TERMICO Y ACUSTICO EN EDIFICIOS. LA REALIZACION DE REFORMAS, REPARACIONES, REHABILITACIONES Y OBRAS DE CONSTRUCCIONES, ETC","3.000,00 Euros",31/03/2025,"41.39746875302508,2.145594255043890",https://www.datoscif.es/empresa/group-transition-iberica-sl
CANOA QUEBRADA INVERSIONS SL,+34973450212,VIA AUGUSTA NUM.48 P.6 PTA.3,08006,Barcelona,Barcelona,LA TENENCIA DE PARTICIPACIONES DE OTRAS SOCIEDADES Y GESTION DE LAS SOCIEDADES PARTICIPADAS. EL CNAE DE LA ACTIVIDAD PRINCIPAL ES 6421,"3.013,00 Euros",11/04/2025,"41.39845744050312,2.153665839393621",https://www.datoscif.es/empresa/canoa-quebrada-inversions-sl
BARCELONA'S GRILL&CHILL SL,349375035,CL CALL NUM.26,08002,Barcelona,Barcelona,"CNAE 5611 RESTAURANTES. CNAE 47 COMERCIO AL POR MENOR. COMERCIO DE TEXTILES, PRODUCTOS ALIMENTICIOS, APARATOS ELECTRICOS, ARTICULOS DEPORTIVOS, SOUVENIRS. SERVICIO DE COMIDA Y BEBIDAS, DONER KEBAB. PANADERIA Y PASTELERIA","1,00 Euros",06/05/2025,"41.38238776651649,2.176567486684910",https://www.datoscif.es/empresa/barcelona-s-grill-chill-sl
MECANITZATS ENRIC PUJOL SL,+34635504390,"CL PLA DE LES ALBES, MONTRODON NUM.1",08552,Taradell,Barcelona,"MECANIZACION DE PIEZAS DE CUALQUIER MATERIAL, MONTAJES INDUSTRIALES Y CUALQUIER OTRA ACTIVIDAD ACCESORIA A LA PRINCIPAL","3.000,00 Euros",13/05/2025,,https://www.datoscif.es/empresa/mecanitzats-enric-pujol-sl
VALTOR-ECOM SL,+34963910335,CL INDUSTRIA NUM.10 P.1 PTA.2,08415,Bigues i Riells,Barcelona,EL COMERCIO AL POR MENOR DE ARTICULOS DE RELOJERIA Y JOYERIA,"3.000,00 Euros",12/05/2025,"41.67732645976513,2.209380974786247",https://www.datoscif.es/empresa/valtor-ecom-sl
SWEET LUXURY DESTINY SL,+34638455584,CL SANTALO NUM.14 ESC.DC P.6 PTA.1,08021,Barcelona,Barcelona,LA COMERCIALIZACION AL POR MAYOR Y AL POR MENOR DE PRODUCTOS ARTESANOS DESTINADOS AL CONSUMO ALIMENTARIO,"18.400,00 Euros",16/05/2025,"41.39529561337582,2.146675488364819",https://www.datoscif.es/empresa/sweet-luxury-destiny-sl
THE BLACK SHEEP GROUP SL,+34658754335,AVDA CASTILLA Número24,09400,Aranda de Duero,Burgos,"Fabricación de juegos y juguetes. Comercio de aparatos electrodomésticos, equipos ferretería, Puestos de comidas, actividades de consultoría de gestión empresarial. Alojamientos turísticos.  Compraventa y Alquiler inmobiliario. Construcción e instalaciones en obras","3.000,00 Euros",30/05/2025,"41.66750414093875,-3.69111887795320",https://www.datoscif.es/empresa/the-black-sheep-group-sl
GREDOS VERA SUR SL,+34670927489,"LOS NARANJOS, 3 0º 10480",10480,Madrigal de la Vera,Cáceres,"Comercio al por menor no especializado con predominio de productos alimenticios, bebidas y tabaco. Comercio al por menor de productos de cosmética e higiene. Comercio al por menor de aparatos electrodomésticos","3.000,00 Euros",21/05/2025,"40.14767933769345,-5.36767561656031",https://www.datoscif.es/empresa/gredos-vera-sur-sl
BOSSANERA INTERNEGOCIOS SL,349272114,"AVDA VIRGEN DE LA MONTAÑA, 1 10001",10004,Cáceres,Cáceres,"Estudios de mercado y realización de encuestas de opinión pública.  Comercio al por mayor de otros alimentos. Actividades de los agentes del comercio al por mayor no especializado. Comercio al por mayor de carne, productos cárnicos; pescado y productos del pescado. Comercio al por mayor de frutas y h","3.000,00 Euros",19/05/2025,"39.47177447220703,-6.37654874205980",https://www.datoscif.es/empresa/bossanera-internegocios-sl
DENTEX GOMEZ Y NAVIO SL,+34623439261,"C/ LAS ERAS, 5 2º B 10300",10300,Navalmoral de la Mata,Cáceres,Clínica dental y sus especialidades. Formación y enseñanza,"3.000,00 Euros",12/04/2025,"39.89177579218384,-5.53299818428350",https://www.datoscif.es/empresa/dentex-gomez-y-navio-sl
TITILU JEREZMEXICO SL,+34956149370,"C/ PIZARRO, 14-EDIFICIO TERRAZAS DEL SOL, PLANTA B",11403,Jerez de la Frontera,Cádiz,"Compra y venta de bienes inmuebles, arrendamiento, cesión y gestión turística de los mismos","3.000,00 Euros",12/05/2025,"36.69139310807236,-6.13911654544372",https://www.datoscif.es/empresa/titilu-jerezmexico-sl
XP BUILDING CADIZ SL,+34956567808,"C/ LUXEMBURGO-NAVE S 34, POLIGONO INDUSTRIAL EL TR",,Puerto Real,Cádiz,"Tiene por objeto la prestación de servicios deintermediación comercial en operaciones de compraventa de todaclase de productos y mercancías, actuando como comisionista entrefabricantes, distribuidores y clientes finales, sin asumir la titularidadde los bienes objeto de las transacciones. As","3.000,00 Euros",05/05/2025,,https://www.datoscif.es/empresa/xp-building-cadiz-sl
RUIZ SBITA SL,+34956490163,"PLAZA DE ANDALUCIA, 2 11130",11130,Chiclana de la Frontera,Cádiz,1.- Restaurantes y Puestos de comida (CNAE 56.1). Especialmente El desarrollo de actividades de restauración y servicios propios de la actividad café-bar-restaurante en inmuebles en régimen de propiedad o arrendamiento. 2.- Promoción inmobiliaria Compraventa de bienes inmobiliarios por cuenta propia,"3.000,00 Euros",21/05/2025,"36.42116521688360,-6.14515797324387",https://www.datoscif.es/empresa/ruiz-sbita-sl
TREVAS OBRAS Y SERVICIOS SL,+34927384002,"SAN PEDRO DE ALCANTARA, 10 10160",10160,Alcuéscar,Cáceres,Construcción de vías férreas de superficie y subterráneas. Otras actividades de construcción especializada en la construcción de edificios. Otras actividades de construcción especializada n.c.o.p..  Construcción de carreteras y autopistas. Construcción de edificios residenciales. Construcción de edif,"3.000,00 Euros",26/05/2025,"39.18145830961896,-6.22961117915310",https://www.datoscif.es/empresa/trevas-obras-y-servicios-sl
AGRO CARLOS 1986 SL,+34926521034,"C/ ALFONSO XII, 24",13710,Argamasilla de Alba,Ciudad Real,- La realización de todo tipo de servicios agrarios. - Las actividades agrícolas de otros cultivos no perennes,"4.000,00 Euros",02/05/2025,"39.13295992071094,-3.09523117836073",https://www.datoscif.es/empresa/agro-carlos-1986-sl
ALUMAXFER CARPINTERIA DE ALUMINIO Y PVC SL,+34926445383,"POLIG INDUSTRIAL DE AGUDO,-PARCELA 1A 13410",13410,Agudo,Ciudad Real,Fabricación de puertas y ventanas de metal,"58.600,00 Euros",26/02/2025,,https://www.datoscif.es/empresa/alumaxfer-carpinteria-de-aluminio-y-pvc-sl
MENGANO WINES SL,+34610557541,"C/ LEPANTO, 6 2º B 13620",13620,Pedro Muñoz,Ciudad Real,"Venta de Vino Cultivo de la vid. Actividades de apoyo a la agricultura. Destilación, rectificación y mezcla de bebidas alcohólicas. Elaboración de vinos. Elaboración de sidra y otras bebidas fermentadas a partir de frutas. Elaboración de otras bebidas no destiladas, procedentes de la fermenta.ción","3.000,00 Euros",26/02/2025,"39.40575384008570,-2.94563866640626",https://www.datoscif.es/empresa/mengano-wines-sl
SOALPA LA MANCHA SRL,+34926360290,AVDA DE LAS VIÑAS-SIN NUMERO 13320,13320,Villanueva de los Infantes,Ciudad Real,"Comercio al por mayor de productos lácteos, huevos, aceites y grasas comestibles. Comercio al por mayor de bebidas. Comercio al por mayor, no especializado, de productos alimenticios, bebidas y tabaco. Comercio al por menor de pan, productos de panadería y confitería. Comercio al por menor de bebida","3.200,00 Euros",24/04/2025,"38.73912158750427,-3.02053657824610",https://www.datoscif.es/empresa/soalpa-la-mancha-srl
AGRICOLA ORTIZ OLMEDO SL,+34926506040,"C/ BRUSELAS, 14 13700",13700,Tomelloso,Ciudad Real,"- El cultivo de hortalizas, raíces y tubérculos, especialidades de horticultura y productos de vivero. - El cultivo de la vid. - El cultivo de frutos oleaginosos.- El Cultivo de cereales, leguminosas, y semillas oleaginosas. - El cultivo de otros árboles y arbustos frutales y frutos secos. - Otros","3.100,00 Euros",06/05/2025,"39.15207659828543,-3.00990821408989",https://www.datoscif.es/empresa/agricola-ortiz-olmedo-sl
CERRAJERIA Y ALUMINIO ZENGAINE SL,349265634,"ESTRELLA, 38 13610",13610,Campo de Criptana,Ciudad Real,Otras actividades de construcción especializada en la construcción de edificios,"3.000,00 Euros",28/05/2025,"39.40442947580889,-3.13100833608359",https://www.datoscif.es/empresa/cerrajeria-y-aluminio-zengaine-sl
CARIGMA 3 SL,+34926346309,"PLAZA PUERTA DE ALARCOS, 4 BAJO C 13002",13002,Ciudad Real,Ciudad Real,CNAE 68.11 Compraventa de bienes inmobiliarios por cuenta propia.  CNAE 68.20. Alquiler de bienes inmobiliarios por cuenta propia. Siendo esta su actividad principal,"3.000,00 Euros",11/04/2025,"38.98234777782419,-3.93297066804535",https://www.datoscif.es/empresa/carigma-3-sl
PUERTO ESPAÑA 360 SL,349268330,"MENDO, 72 13195",13195,Poblete,Ciudad Real,Construcción de edificios residenciales. Alojamientos turísticos y otros alojamientos de corta estancia. Instalaciones eléctricas. Alquiler de bienes inmobiliarios por cuenta propia. Comercio al por menor de vehículos de motor. Limpieza general de edificios,"3.000,00 Euros",29/05/2025,"38.94664391056905,-3.97369330499059",https://www.datoscif.es/empresa/puerto-espana-360-sl
MULTISERVICIOS SAN CRISTOBAL SL,+34722517522,"LA FUENTE, 9 13260",13260,Bolaños de Calatrava,Ciudad Real,"Actividades de apoyo a la agricultura. Puestos de comidas.  Restaurantes. Comercio al por menor de frutas y verduras. Servicios de bebidas. Cultivo de hortalizas, raíces y tubérculos. Comercio al por menor no especializado con predominio de productos alimenticios, bebidas y tabaco. Actividades de tel","3.000,00 Euros",02/06/2025,,https://www.datoscif.es/empresa/multiservicios-san-cristobal-sl
ALUASTI SL,+34943444418,"C/ TRANVIA Nº39, 1º IZDA.",20014,Donostia/San Sebastián,Gipuzkoa,"La fabricación, comercialización y montaje de todo tipo de aislamientos térmicos y acústicos; la fabricación, comercialización y montaje de conductos de aire acondicionado","3.000,00 Euros",25/04/2025,"43.29471106457480,-1.95331154210899",https://www.datoscif.es/empresa/aluasti-sl
CECIMAR2000 SL,+34943780708,"PLAZA FORUEN Nº5, BAJO.",20560,Oñati,Gipuzkoa,"1. El negocio de la hostelería, servicios de comidas y alimentación, bares, pizzerias, pubs, discotecas, restaurantes, sidrerías, mesones, establecimientos con comidas, cafeterías y sus complementarios, así como la compraventa de bebidas alcohólicas y no alcohólicas, importación y exportación, etc","50,00 Euros",09/05/2025,"43.03303913040026,-2.41403454844057",https://www.datoscif.es/empresa/cecimar2000-sl
ARKANO BOTANICAL LUXURY SL,+34877235255,"C/ RAMBLA NOVA, 109 1º 1",43001,Tarragona,Tarragona,"COMERCIALIZACION AL POR MAYOR Y AL POR MENOR DE PRODUCTOS DERIVADOS DEL CANNABIS, TANTO EN TIENDAS FISICAS COMO ONLINE, TALES COMO ACEITES, CREMAS, COSMETICOS, SUPLEMENTOS ALIMENTICIOS, TEXTILES, SEMILLAS Y CUALQUIER OTRO PRODUCTO QUE CONTENGA DERIVADOS DEL CANNABIS.-","3.000,00 Euros",07/03/2025,"41.11793518426512,1.248590375294677",https://www.datoscif.es/empresa/arkano-botanical-luxury-sl
AGRICOLA GAMI SL,+34977844125,"C/ CREU COBERTA, 1",43470,La Selva del Camp,Tarragona,LA ACTIVIDAD AGRICOLA MEDIANTE LA EXPLOTACION DE FINCAS RUSTICAS,"3.000,00 Euros",29/04/2025,"41.21534693391651,1.142200079296762",https://www.datoscif.es/empresa/agricola-gami-sl
SERVICAT INNOVACIONES SL,349771625,"CMNO DE TARRAGONA, 49-LOCAL 2 43204",43204,Reus,Tarragona,"La realización de obras de reforma en generla. La realización de instalaciones de fontanería, carpintería, cerrajería, electricidad, climatización y cualesquiera otras","3.000,00 Euros",06/05/2025,"41.15029944100389,1.126953684791252",https://www.datoscif.es/empresa/servicat-innovaciones-sl
JULIUS INNOVATIONS SL,+34977390436,"VILAFORTUNY, SIN NUMERO PARCELA A23, NAVE 21, 0 43",43480,Vila-seca,Tarragona,Actividades de intermediarios del comercio al por mayor de otros productos específicos. Otro comercio al por menor no especializado. Actividades de los agentes del comercio al por mayor no especializado. Otro comercio al por mayor especializado n.c.o.p.. Comercio al por mayor de productos de perfume,"3.000,00 Euros",23/05/2025,"41.11582415476436,1.156225728703710",https://www.datoscif.es/empresa/julius-innovations-sl
DPG BURGERS SL,+34699742906,"FLORS, 40 Bl.2 0º 1B 43700",43700,El Vendrell,Tarragona,Restaurantes. Servicios de bebidas. Puestos de comidas,"4.400,00 Euros",21/05/2025,"41.21799573584001,1.526929672140716",https://www.datoscif.es/empresa/dpg-burgers-sl
ACTIVECAPITAL VENTURE CAPITAL SL,348221228,"C/ SAN FRANCISCO, 11 38002",38002,Santa Cruz de Tenerife,Santa Cruz de Tenerife,"La actividad principal de la Sociedad corresponde a la actividad de: ""Actividades de sociedades holding"" (C.N.A.E.): 64.21. Tiene por objeto social el desarrollo de las siguientes: (a) La adquisición, tenencia y administración de cualquier forma de acciones, participaciones o valores, etc","3.000,00 Euros",25/04/2025,"28.46755636294571,-16.2495006470031",https://www.datoscif.es/empresa/activecapital-venture-capital-sl
DIVALANGYS SL,+34922570000,"C/ SAN SIMON, 40 38360",38360,El Sauzal,Santa Cruz de Tenerife,"actividad principal la correspondiente con el epígrafe 68.11 Compraventa de Bienes Inmobiliarios por cuenta propia, de la Clasificación Nacional de Actividades Económicas 2025 (CNAE2025): Asimismo, la Sociedad podrá realizar las siguientes actividades: 01 Agricultura, ganadería, caza y servicios rel","458.000,00 Euros",13/05/2025,"28.47054903510594,-16.4350374646964",https://www.datoscif.es/empresa/divalangys-sl
ITALIAN BUILDING REAL ESTATE SL,+34609264194,"AVDA LOS PUEBLOS, 20-CC SAN EUGENIO, LOCAL 93 3866",38660,Adeje,Santa Cruz de Tenerife,"La sociedad tiene por objeto: 1.- 41.01..- Construcción de edificios residenciales. 2.- 68.31..- Servicios de intermediación para actividades inmobiliarias. 3.- La importación, exportación, compra y venta al mayor y al menor, de máquinas, mobiliario y todo tipo de material de oficina., etc","3.000,00 Euros",02/05/2025,"28.07695509126134,-16.7314313141715",https://www.datoscif.es/empresa/italian-building-real-estate-sl
CHARROS ZGZ SL,+34976471859,C/ MANUEL VAZQUEZ MONTALBAN 9 Esc.1 2º C,50016,Zaragoza,Zaragoza,"CMAE 5510. La compra, explotación, administración, arrendamiento no financiero, y, en general, la adquisición, disfrute y enajenación por cualquier título económico o jurídico, de establecimientos de hostelería y comercio en general, y en particular de hoteles, aparta-hoteles, residencias, hostales,","3.000,00 Euros",14/05/2025,"41.67023340553082,-0.83789951065234",https://www.datoscif.es/empresa/charros-zgz-sl
FS AUTOMOTIV SL,+34976112200,"AVDA DE CAMINO DE LAS TORRES 15 - ESCALERA 1ª, 10º",,Zaragoza,Zaragoza,"Siendo el código CNAE de la actividad principal 95.31.- Reparación y mantenimiento de vehículos de motor. Taller de reparación mecánica, chapa y pintura de todo tipo de vehículos, así como todas las actividades que pudieran ser complementarias del mismo. La compraventa de vehículos usados; y los rep","55.000,00 Euros",19/05/2025,,https://www.datoscif.es/empresa/fs-automotiv-sl
ASADOR VALLE DE BROTO 25 SL,+34672093295,C/ VALLE DE BROTO 4 - LOCAL 1,,Zaragoza,Zaragoza,Restaurantes y puestos de comidas. CNAE actividad principal: 56.11 Restaurantes,"3.300,00 Euros",26/05/2025,"41.66715433429557,-0.87361091071386",https://www.datoscif.es/empresa/asador-valle-de-broto-25-sl
AYUDARA GESTION DE AYUDAS SL,+34976714000,C/ NUEVA 13 - CASA 1. PIEDRATAJADA,50616,Piedratajada,Zaragoza,"-La información, estudio, gestión y tramitación de subvenciones y ayudas públicas y privadas de todo tipo, a personas físicas y jurídicas. -La información, tramitación e intermediación en contrataciones con el sector público como licitaciones y formalizaciones de contratos de obras, servicios y sumi","3.000,00 Euros",13/05/2025,"42.12160452600679,-0.80678353534399",https://www.datoscif.es/empresa/ayudara-gestion-de-ayudas-sl
DATEMIND2000 SL,+34976229897,CALLE ANTONIO MAURA Número36 Esc. 1 B,50013,Zaragoza,Zaragoza,Actividades de consultoría informática y gestión de instalaciones informáticas Comercio al por mayor de equipos para las tecnologías de la información y las comunicaciones Comercio al por menor de equipos para las tecnologías de la información y las comunicaciones Otras actividades auxiliares a los,"500,00 Euros",01/06/2025,"41.64006717812284,-0.87099962735534",https://www.datoscif.es/empresa/datemind2000-sl
MADALETA SOLUTIONS SL,+34976398014,"C/ ALFONSO I 17 - PLANTA 5º, OFICINA",50003,Zaragoza,Zaragoza,"a).- Las inversiones financieras y mobiliarias y, para ello, la compra, venta y pignoración de toda clase de títulos y valores, sean o no de contratación bursátil, por cuenta propia, quedando expresamente excluidas las actividades reservadas a las instituciones de inversión colectiva, las comprendid","3.000,00 Euros",22/05/2025,"41.65382594645004,-0.88152949383118",https://www.datoscif.es/empresa/madaleta-solutions-sl
HORTICOLA VIDAGRO SL,+34968158818,C/ FRANCISCA UREÑA SANCHEZ 9,,Mazarrón,Murcia,"Cultivo de hortalizas, raíces y tubérculos","3.000,00 Euros",14/05/2025,,https://www.datoscif.es/empresa/horticola-vidagro-sl
MOSSMANTID IBERICA SL,+34914690502,"C/ EDISON, NUMERO 9. POLIGONO INDUSTRIAL SAN MARCO",28906,Getafe,Madrid,"Importación, exportación, distribución, comercialización, compra, venta y reparación de motores y componentes de motor","10.000,00 Euros",12/05/2025,"40.30313397558420,-3.70107224294878",https://www.datoscif.es/empresa/mossmantid-iberica-sl
GAR.VA AUTOMOCION Y CARROCERIA SL,+34916562503,C/ LA SOLANA 30,,Torrejón de Ardoz,Madrid,por objeto principal: a) Mantenimiento y reparación de vehículos de motor. Como actividades secundarias: b) Venta de automóviles y vehículos de motor ligeros. e) Alquiler de automóviles y vehículos de motor ligeros. d) Comercio al por mayor de repuestos y accesorios de vehículos de motor,"1.000,00 Euros",13/03/2025,,https://www.datoscif.es/empresa/gar-va-automocion-y-carroceria-sl
LIMPIEZAS NICJAS SL,+34914440532,C/ GALLUR 503 4 - CASA-472,28047,Madrid,Madrid,"Limpiezas integrales de todo tipo de inmuebles (locales, viviendas, comunidades). Así mismo, forman parte del objeto social las siguientes actividades no principales: - Servicios de estética, belleza y peluquería - Reformas integrales de construcción - Mensajería, reparto y envío de dinero","3.000,00 Euros",27/05/2025,"40.39549678513028,-3.74283774055586",https://www.datoscif.es/empresa/limpiezas-nicjas-sl
OMTA OBRAS SL,+34650244323,C/ NAPOLES 1 1º B,28850,Torrejón de Ardoz,Madrid,"- Otras actividades de construcciónespecializada n.c.o.p - La construcción de edificiosresidenciales. - La construcción de edificios no residenciales. A los efectos de lo dispuesto en el artículo 20 de la Ley 14/2013 de 27 de septiembre de apoyo a los emprendedores y su internacionalización, el códi","3.000,00 Euros",28/05/2025,"40.46243968606538,-3.46423899404150",https://www.datoscif.es/empresa/omta-obras-sl
ACM GROUP ACCELERATOR SL,+34605876613,AVDA PESETA 73 - PUERTA B PLANTA 1,28054,Madrid,Madrid,Actividades de las agencias de publicidad,"3.000,00 Euros",02/06/2025,"40.36260149762348,-3.75295861390104",https://www.datoscif.es/empresa/acm-group-accelerator-sl
BCASFINTECH SPV4 SL,346111427,C/ DOCTOR FLEMING 11 9 A,28036,Madrid,Madrid,"Concesión de financiación (i) al consumo y (ii) a empresarios profesionales, sean personas físicas o jurídicas","3.000,00 Euros",21/05/2025,"40.45629748318201,-3.68863779364283",https://www.datoscif.es/empresa/bcasfintech-spv4-sl
PRICE ARSHAN SL,+34912232644,AVDA GRAN VIA DEL SURESTE 32 Bl.B Ptl.F Esc.3 1º A,28051,Madrid,Madrid,"- La intermediación e instalación de salones o institutos de belleza, gabinetes de estética y consultorios médicos. Aplicación de tratamientos de manicura, faciales y corporales en Institutos do Belleza, gabinetes de estética, cabinas, salones de peluquería, gimnasios y sauna. Realizar operaciones","3.700,00 Euros",24/04/2025,"40.36142992244969,-3.59157583271970",https://www.datoscif.es/empresa/price-arshan-sl
SOLVE IA GRID EUROPE SL,+34916841234,C/ PONZANO 69,28003,Madrid,Madrid,"La sociedad tiene por objeto: 1. Comercialización de servicios de ingeniería y software de gestión. 2. Diseño, desarrollo, integración, comercialización, fabricación y/o realización instalación, garantía, mantenimiento, y reparación de aparatos, equipos y utillaje mecánico, eléctrico, electrónico, a","3.000,00 Euros",21/05/2025,"40.44287784370078,-3.69914692007813",https://www.datoscif.es/empresa/solve-ia-grid-europe-sl
INLIGNO SL,+34644585524,"C/ CAP DE SANT PERE, 9 0º 1",43850,Cambrils,Tarragona,Actividades de intermediación para servicios de apoyo a las empresas n.c.o.p.. Otras actividades de consultoría de gestión empresarial. Otras actividades de apoyo a las empresas n.c.o.p,"25.495,00 Euros",23/05/2025,,https://www.datoscif.es/empresa/inligno-sl
PROCONSER 93 SL,000278451,C/ ALT PENEDES-POLIGONO INDUSTRIAL MOLI D'EN SERRA,43710,Santa Oliva,Tarragona,LA CONSTRUCCION DE EFICIOS RESIDENCIALES.- LA COMPRAVENTA DE BIENES INMOBILIARIOS POR CUENTA PROPIA.- LA PROMOCION INMOBILIARIA.-,"3.000,00 Euros",15/05/2025,"41.23824294769748,1.546867282054117",https://www.datoscif.es/empresa/proconser-93-sl
INMOBILIARIA CASTEMAR 25 SRL,+34964394301,AVDA FERRANDIS SALVADOR 138 BAJO,12560,Benicasim/Benicàssim,Castellón/Castello,"la adquisición y enajenación, por compraventa o por cualquier otro título y arrendamiento no financiero de toda clase de edificios, terrenos y bienes inmuebles en general, por cuenta propia o ajena de todo tipo de terrenos y edificaciones. igualmente, tiene por objeto la realización de cualquier tip","3.000,00 Euros",15/05/2025,"40.03724795938172,0.050377105242685",https://www.datoscif.es/empresa/inmobiliaria-castemar-25-srl
FIBRA PAGES SL,+34972989690,"C/ SANT VICENC, 2 17320",17320,Tossa de Mar,Girona,"La prestación de servicios e instalaciones relativos a tendidos de redes eléctricas y/o telecomunicaciones, así como fibra óptica. La comercialización de servicios de internet y telecomunicaciones. La participación en otras sociedades con idéntico o análogo objeto social","3.000,00 Euros",23/04/2025,"41.72126305571977,2.929377894129829",https://www.datoscif.es/empresa/fibra-pages-sl
BOSCH FAMILY OFFICE SL,+34972460730,"C/-C/ SELVA, 2 17244",17244,Cassà de la Selva,Girona,"La participación en otras empresas, en cualquiera de las formas admitidas en derecho, así como la gestión, dirección y administración de su patrimonio. La compra, la venta, la administración, la gestión, la promoción y explotación en arrendamiento o cualquier otra forma admitida en derecho","5.135.454,00 Euros",23/05/2025,,https://www.datoscif.es/empresa/bosch-family-office-sl
MARES GELMA ENGINYERS SLP,+34931736615,"C/ JOSEP TARRADELLAS, 13 BAJOS-LOCAL 1 17300",17300,Blanes,Girona,La Sociedad tiene por objeto social los servicios técnicos de Ingeniería industrial,"10.000,00 Euros",15/05/2025,"41.66827586589340,2.785301291973812",https://www.datoscif.es/empresa/mares-gelma-enginyers-slp
VOLCANIC CATERING SL,+34972264296,"C/ PINTOR GALWEY, 4 3º 2 17800",17800,Olot,Girona,Organización de convenciones y ferias de muestras.- Actividades recreativas y de entretenimiento n.c.o.p. - Servicios de bebidas. - Restaurantes.- Servicios ocasionales de catering.- Gestión de instalaciones ara actividades artísticas y artes escénicas,"99,00 Euros",29/05/2025,"42.18115304903890,2.485626026262758",https://www.datoscif.es/empresa/volcanic-catering-sl
RECUPRESUR SL,+34900101057,"C/ PINTOR MURILLO, 1-LOCAL",18002,Granada,Granada,Constituye el objeto de la sociedad: 46.64.- Comercio al por mayor de otra maquinaria y equipo. OTRAS ACTIVIDADES. Actividades de apoyo a la agricultura. Actividades de apoyo a otras industrias extractivas. Fabricación de chapas y tableros de madera. Fabricación de sueles de madera ensamblados..,"3.100,00 Euros",02/05/2025,,https://www.datoscif.es/empresa/recupresur-sl
OCEAN ROYAL 2025 SL,248209000,"C/ ARABIAL, 45-CENTRO COMERCIAL NEPTUNO, PLANTA 0,",18182,Granada,Granada,"La sociedad tendrá por objeto las siguientes actividades: Explotación y arrendamiento de embarcaciones con y sin patrón, motos de agua y todo tipo de vehículos náuticos. Organización de actividades náuticas. Servicios de hostelería y catering. Planificación y gestión de eventos. Servicios de..","3.000,00 Euros",07/05/2025,,https://www.datoscif.es/empresa/ocean-royal-2025-sl
MARITIME PRESTIGE SL,349344093,"C/ ARABIAL, 45- CENTRO COMERCIAL NEPTUNO, PLANTA CE",18004,Granada,Granada,"La sociedad tendrá por objeto las siguientes actividades: Compra venta, explotación y arrendamiento de embarcaciones y todo tipo de vehículos náuticos. Organización de actividades náuticas. Compra venta e intermediación en la comercialización de inmuebles así como en el alquiler de propiedades..","3.000,00 Euros",07/05/2025,"37.16843945760795,-3.60788993828938",https://www.datoscif.es/empresa/maritime-prestige-sl
QUANTUM JUPITER SL,+34917027288,"C/ ZURBANO 45 - 1ª PLANTA, ATRIUM ZURBANO",28010,Madrid,Madrid,"PROMOCION INMOBILIARIA, ALQUILER DE BIENES INMOBILIARIAS POR CUENTA PROPIA. SERVICIOS DE INTERMEDIACION PARA ACTIVIDADES INMOBILIARIAS. OTRAS ACTIVIDADES INMOBILIARIAS POR CUENTA DE TERCEROS","3.000,00 Euros",13/05/2025,"40.43414656109324,-3.69348145806834",https://www.datoscif.es/empresa/quantum-jupiter-sl
ROAD SEA GROUP SL,574883030,"C/ ALMAGRO 23,1º 28010",28010,Madrid,Madrid,Actividades de sociedades holding y de sociedades instrumentales de financiación,"3.000,00 Euros",14/05/2025,"40.43130532155166,-3.69244014122419",https://www.datoscif.es/empresa/road-sea-group-sl
VELA 360 SL,349169550,C/ PRINCIPE DE VERGARA 117 - 2-A,28002,Madrid,Madrid,"La prestación de servicios de consultoría de gestión empresarial, es decir, de asesoramiento, orientación y asistencia prestados a las empresas y otras organizaciones en materia de administración como, por ejemplo, la planificación estratégica y organizativa de la empresa, la ingeniería de procesos","3.000,00 Euros",08/05/2025,"40.44075603477017,-3.67930825160667",https://www.datoscif.es/empresa/vela-360-sl
FUJI INVESTMENT COMPANY SL,+34934511515,AVDA DOCTOR ARCE 14,28002,Madrid,Madrid,"a) la constitución, participación por sí misma o de forma indirecta en la gestión y control de otras empresas y sociedades; b) la adquisición, enajenación, tenencia y explotación y logística de bienes muebles e inmuebles; y valores, en general quedando excluidas las actividades que la legislación..","3.000,00 Euros",23/04/2025,"40.44637224189050,-3.68151379249878",https://www.datoscif.es/empresa/fuji-investment-company-sl
SENDA DIGITAL SL,+34916393012,C/ MARIA DE LAS MERCEDES DE BORBON 110 5º C,28055,Madrid,Madrid,LA PRESTACION DE SERVICIOS DE FORMA DIGITAL RELACIONADOS CON LA PERDIDA DE SOBREPESO Y DE OBESIDAD:,"3.000,00 Euros",08/05/2025,"40.49319855556727,-3.61282750948407",https://www.datoscif.es/empresa/senda-digital-sl
SUELO VIAS AHIJONES SL,+34913013379,C/ FERRAZ 55 - 5º IZQUIERDA,28008,Madrid,Madrid,"La promoción, gestión, comercialización, desarrollo y alquiler de todo tipo de operaciones inmobiliarias y urbanísticas, por sí misma o a través de terceros","3.000,00 Euros",19/05/2025,"40.43005292051206,-3.72129888228011",https://www.datoscif.es/empresa/suelo-vias-ahijones-sl
INFRAESTRUCTURAS Y PROYECTOS CIVILES SL,346960548,AVDA DE LA VICTORIA 140 BAJO A,28040,Madrid,Madrid,"LA EJECUCION, RESTAURACION, REMODELACION Y DESARROLLO DE TODO TIPO DE OBRAS CIVILES","3.000,00 Euros",11/04/2025,"40.43687150725515,-3.72129463732921",https://www.datoscif.es/empresa/infraestructuras-y-proyectos-civiles-sl
SUELO VIAS BERROCALES SL,+34913052868,C/ FERRAZ 55 - 5º IZQUIERDA,28008,Madrid,Madrid,"La promoción, gestión, comercialización, desarrollo y alquiler de todo tipo de operaciones inmobiliarias y urbanísticas, por sí misma o a través de terceros","3.000,00 Euros",19/05/2025,"40.43005292051206,-3.72129888228011",https://www.datoscif.es/empresa/suelo-vias-berrocales-sl
BABIL CLARO SL,+34661161160,CALLE DE LA CORDOBESA Número29 1,29010,Málaga,Málaga,Actividades de los centros de llamadas. Otras actividades de impresión y artes gráficas. Actividades de las agencias de publicidad. Estudios de mercado y realización de encuestas de opinión pública,"3.000,00 Euros",10/06/2025,"36.73048670631614,-4.45082631169611",https://www.datoscif.es/empresa/babil-claro-sl
PROF INVEST ESTATE SL,+34951823044,AVDA OLA FLORES 2 - URBANIZACION ANDALUCIA DEL MAR,29660,Marbella,Málaga,"Constituye el objeto social el ejercicio de las siguientes actividades, siendo la principal la consignada en primer lugar junto con el C.N.A.E. que le corresponde: CNAE actividad principal: 41.01.  Construcción de edificios residenciales. CNAE actividad secundaria: 68.32. Otras actividades Inmobiliar","3.000,00 Euros",15/04/2025,"36.48739043752440,-4.96164319054942",https://www.datoscif.es/empresa/prof-invest-estate-sl
KJAER DECOR SL,+34968402856,C/ SEVERO OCHOA 49 - PARQUE EMPRESARIAL DE LOS ALC,30890,Puerto Lumbreras,Murcia,"Constituye el objetos social: Furniture sotre; Tienda gourmet; Alquiler de oficinas. Principal actividad: Comercio al por menor de muebles, aparatos de iluminación, vajilla y otros artículos de uso domestico","3.000,00 Euros",09/05/2025,"37.55807457983718,-1.81076923250976",https://www.datoscif.es/empresa/kjaer-decor-sl
INVERSIONES PROARC SL,+34918315477,C/ FUENSANTA 49 - ALJUCER.,30100,Murcia,Murcia,"Constituye el objeto social: a).- La adquisición, explotación y enajenación, por cuenta propia o ajena de toda clase de bienes inmuebles (incluidos terrenos), su urbanización y parcelación, la construcción de edificios de toda clase, bien directamente o por medio de contratistas o subcontratistas; e","3.000,00 Euros",16/04/2025,"37.84994049301058,-0.94234841570279",https://www.datoscif.es/empresa/inversiones-proarc-sl
RAICES DE OLIVO SL,+34868085846,PLAZA PARROCO ANDRES CANOVAS 6 - TORRE PECHECO,30591,Torre-Pacheco,Murcia,"La explotación de cafeterías, bares y servicios de restauración, tanto en instalaciones propias como en alquiler. La gestión de centros ecuestres y la enseñanza de la equitación. El alojamiento, cuidado, alimentación y entrenamiento de caballos de terceros (pupilaje). La organización de actividades","3.000,00 Euros",19/05/2025,,https://www.datoscif.es/empresa/raices-de-olivo-sl
ULVI PATRIMONIO SL,130513213,AVDA JUAN CARLOS I 89 3º C - ZENETA,30590,Murcia,Murcia,Alquiler de bienes inmobiliarios por cuenta propia. Promoción inmobiliaria,"3.000,00 Euros",08/10/2024,"38.01291767135302,-1.15398867467389",https://www.datoscif.es/empresa/ulvi-patrimonio-sl
JJ WOW FIT SL,+34677357110,C/ ESTACION DE LORCA 2 Esc.1 7,30820,Alcantarilla,Murcia,Actividad principal: Actividades deportivas n.c.o.p. Otras actividades: Actividades de otras especialidades médicas,"3.006,00 Euros",10/06/2025,"37.96740585025807,-1.21517801538842",https://www.datoscif.es/empresa/jj-wow-fit-sl
JVG RE ESTATE SL,+34999191728,URB VENEZIOLA 65 - LA MANGA DEL MAR MENOR,30380,San Javier,Murcia,"Compraventa de bienes inmobiliarios por cuenta propia. Las actividades inmobiliarias, la promoción, venta de solares, parcelas, edificios, viviendas y locales; la administración y arrendamientos de bienes inmuebles, así como los servicios de administración, custodia, gestión y venta, y la intermedia","3.000,00 Euros",24/04/2025,,https://www.datoscif.es/empresa/jvg-re-estate-sl
OBERTURA PRODUCCIONES SL,+34968908091,C/ ANTOÑIN DE BOXERAS 2 3 D,,Murcia,Murcia,"La composición, creación, desarrollo, edición, producción y comercialización deobras artísticas en el ámbito de la música, el teatro, el cine y otras artes escénicas y audiovisuales, tanto en soporte físico como digital. La organización, producción, promoción, representación, gestión técnica y artí","3.500,00 Euros",23/05/2025,,https://www.datoscif.es/empresa/obertura-producciones-sl
HACIENDA ALEDO SL,+34968477018,C/ JARA CARRILLO 1 1 BD,30004,Murcia,Murcia,"La compraventa de fincas rústicas y urbanas, su urbanización, promoción, construcción, gestión, arrendamiento y explotación inmobiliaria y agropecuaria por cualquier titulo, asi como toda clase de inversiones inmobiliarias. Si algunas de las actividades integrantes del objeto social fuesen de algún","4.000,00 Euros",21/05/2025,"37.98325407963306,-1.13247749057330",https://www.datoscif.es/empresa/hacienda-aledo-sl
WANTEDFORCODE SL,+34900202202,C/ SAN MIGUEL 3 Esc.9 2 B,29640,Fuengirola,Málaga,Actividad principal: 62.20 / Actividades de consultoría informática y gestión de instalaciones informáticas,"500,00 Euros",01/06/2025,"36.52913298534946,-4.63399421302034",https://www.datoscif.es/empresa/wantedforcode-sl
BARON PERITACIONES SL,+34644531420,CALLE ORENSE Número54,30300,Cartagena,Murcia,Actividad principal: Evaluación de riesgos y daños. Otras actividades: Actividades de las agencias de publicidad,"3.000,00 Euros",02/06/2025,"37.62345196296650,-0.99340636536203",https://www.datoscif.es/empresa/baron-peritaciones-sl
ILASTEC SOFTWARE SL,349852692,"C/ PEREZ DE AYALA 3º, 1 OFICINAS 12/13, 3 2º OFICI",33007,Oviedo,Asturias,"CNAE: 62. Programación, consultoría y otras actividades relacionadas con la informática. En aquellas actividades que tuvieran carácter profesional la sociedad actuará como intermediaria.  Objeto:Desarrollo y comercialización de programas informáticos para empresas y páginas web; consultoría de servic","14.200,00 Euros",07/05/2025,"43.35718044286308,-5.85051590481820",https://www.datoscif.es/empresa/ilastec-software-sl
TOOLKIT CHILD SL,079774402,"LUGAR LA LLORAL, 26 33191",33191,Oviedo,Asturias,CNAE: 6290. Otros servicios relacionados con las tecnologías de la información y la informática. En aquellas actividades que tuvieran carácter profesional la sociedad actuará como intermediaria,"3.000,00 Euros",09/06/2025,"43.36095971351400,-5.90510500077067",https://www.datoscif.es/empresa/toolkit-child-sl
NONO HERRAMIENTAS TECNOLOGICAS SL,+34966110557,Not available,,-,Pontevedra,"Fabricación de otras máquinas y herramientas. Actividades de programación informática. Proceso de datos, hosting y actividades relacionadas. Formación. Reparación de maquinaria. Instalación de maquinaria y equipos industriales. Investigación y desarrollo experimental en ingeniería y tecnología","10.000,00 Euros",29/04/2025,,https://www.datoscif.es/empresa/nono-herramientas-tecnologicas-sl
ACHEGA PSICOLOXIA SL,+34986115947,AVDA DE FRAGOSO 6 1º B,36210,Vigo,Pontevedra,"-psicología tanto sanitaria como no sanitaria y laboral (actividad principal). - Psiquiatría. - Psicopedagogía. - Formación tanto a familias, entidades y particulares como a profesionales. - Educación social. - Trabajo social. - Reeducación del lenguaje. - Investigación en ciencias de la salud. - Te","3.120,00 Euros",16/04/2025,"42.22008861045137,-8.73334596453908",https://www.datoscif.es/empresa/achega-psicoloxia-sl
LAVANDERIA PEREZ 2025 SL,+34922428247,"C/ GENERAL, 32 38730",38730,Villa de Mazo,Santa Cruz de Tenerife,"ARTICULO 3.- OBJETO SOCIAL: Constituye el objeto de la sociedad: Actividad principal: CNAE 96.1 - Lavado y limpieza de prendas de tela y de piel. Además, podrá desarrollar las siguientes actividades: 1.- Los servicios de lavandería, y autoservicio de lavandería, y de toda clase de prestaciones de se","46.000,00 Euros",22/04/2025,"28.60597709655287,-17.7794279044103",https://www.datoscif.es/empresa/lavanderia-perez-2025-sl
MONTAÑA ROJA 2025 SL,+34922293308,"C/ EL PILAR, 5-PLANTA 5ª, OFICINA 16 38002",38002,Santa Cruz de Tenerife,Santa Cruz de Tenerife,"1.- Construcción de edificios residenciales. 2.- Promoción inmobiliaria. 3.- La promoción, ordenación, urbanización y parcelación de terrenos propios o ajenos mediante la realización de actuaciones urbanísticas, así como las obras, construcciones, instalaciones, servicios o cualesquiera otras activi","150.000,00 Euros",23/04/2025,,https://www.datoscif.es/empresa/montana-roja-2025-sl
CASA SOL Y OMBRA SL,+34670749580,"C/ OGALLO, 25-CHIO 38689",,Granadilla de Abona,Santa Cruz de Tenerife,"Actividad principal la correspondiente con el epígrafe ""56.11 Restaurantes"" de la Clasificación Nacional de Actividades Económicas 2025 (CNAE-2025): Asimismo, la Sociedad podrá realizar las siguientes actividades: 01 Agricultura, ganadería, caza y servicios relacionados con las mismas. 02 Silvicultu","3.000,00 Euros",16/05/2025,,https://www.datoscif.es/empresa/casa-sol-y-ombra-sl
LUXURY REAL ESTATE TENERIFE SL,034922788,"AVDA ANTONIO DOMINGUEZ, 20-EDIFICIO PORTOSIN, LOCA",38650,Arona,Santa Cruz de Tenerife,"La sociedad tiene por objeto: 1.- 68.31º.- Servicios de intermediación para actividades inmobiliarias. 2.- 66.30..- Actividades de gestión de fondos 3.- 41.01..- Construcción de edificios residenciales. 4.-La importación, exportación, compra y venta al mayor y al menor, de máquinas, mobiliario, etc","3.000,00 Euros",11/04/2025,"28.05628842327527,-16.7232897653716",https://www.datoscif.es/empresa/luxury-real-estate-tenerife-sl
LA FONDA PAISA PARRILLA SL,+34922804235,"AVDA JUAN CARLOS I- CENTRO COMERCIAL MULTICENTRO, N",,Arona,Santa Cruz de Tenerife,"Artículo 2..- Objeto.- La sociedad tiene por objeto las actividades que se relacionan a continuación, si bien tiene por actividad principal la correspondiente con el epígrafe CNAE: 56.11 Servicios de comidas y bebidas, de la Clasificación Nacional de Actividades Económicas 2025 (CNAE-2025): 01 Agric","3.000,00 Euros",20/03/2025,,https://www.datoscif.es/empresa/la-fonda-paisa-parrilla-sl
INNOVA SPHERE SL,+34922254869,"C/ ELIAS SERRA RAFOLS, 14 1º 102 38204",38201,San Cristóbal de La Laguna,Santa Cruz de Tenerife,"El Código CNAE del objeto de la sociedad es el 4755. Constituye el objeto de la compañía el siguiente: ..- El comercio y reparación de todo tipo de productos electrónicos., etc","3.750,00 Euros",07/04/2025,"28.48199519272621,-16.3143536542118",https://www.datoscif.es/empresa/innova-sphere-sl
SOFPACH TENERIFE SL,+34778001830,"RBLA DE LOS MENCEYES, 10-CENTRO COMERCIAL PUNTA LA",38530,Candelaria,Santa Cruz de Tenerife,"Artículo 2..- OBJETO.- La Sociedad tiene por objeto: La compraventa y promoción de bienes inmuebles de naturaleza urbana para su arrendamiento y la tenencia de participaciones en el capital de otras entidades, residentes o no en territorio español, que tengan como objeto social principal la adquisic","383.000,00 Euros",15/05/2025,"28.36596667635027,-16.3663298493762",https://www.datoscif.es/empresa/sofpach-tenerife-sl
VOYENVAN CANARIAS SL,+34633660804,"CMNO LAS MANTECAS, 36, CUESTA (LA) 38320",38320,San Cristóbal de La Laguna,Santa Cruz de Tenerife,OBJETO: La sociedad tiene por objeto: Venta de automóviles y vehículos de motor ligeros. Código N.A.C.E. 4511. - a Mantenimiento y reparación de vehículos de motor. Código N.A.C.E. 4520.  Comercio al por mayor de repuestos y accesorios de vehículos de motor. N.A.C.E. 4531. Comercio al por menor de re,"3.000,00 Euros",25/04/2025,"28.46351545778711,-16.2950419675265",https://www.datoscif.es/empresa/voyenvan-canarias-sl
FERRER & HANS SL,512144496,"PSAJE DE MIRAMAR, 167 3º 3 43830",43830,Torredembarra,Tarragona,Otras actividades de consultoría de gestión empresarial. Actividades de sociedades holding,"3.000,00 Euros",01/04/2025,"41.14345159176447,1.405640377360775",https://www.datoscif.es/empresa/ferrer-hans-sl
GESTION PLATIER SL,+34646225837,"C/ POU, 1, SEGUR DE CALAFELL 43880",43820,Calafell,Tarragona,Representación e intermediación en el sector automovilístico.- Intermediación comercial de todo tipo de productos y maquinaria. Intermediación en el sector inmobiliario,"3.000,00 Euros",07/04/2025,"41.19906285785155,1.570597282921864",https://www.datoscif.es/empresa/gestion-platier-sl
ADISAR DADA MEDIA SL,+34916165875,C/ HALCON 5,28109,Alcobendas,Madrid,"La construcción de edificios, compraventa de bienes inmuebles por cuenta propia, promoción inmobiliaria, adquisición, explotación y enajenación, por cualquier título de bienes inmuebles, rústicos y urbanos, su administración, reforma rehabilitación y arrendamiento de tales bienes y su venta total y","3.000,00 Euros",13/05/2025,"40.52498562524761,-3.62663956428665",https://www.datoscif.es/empresa/adisar-dada-media-sl
ABDEL E ISA GUERRERO PELUQUEROS SL,+34602448686,AVDA DE LA HISPANIDAD 16 - LOCAL 9,28945,Fuenlabrada,Madrid,PELUQUERIAS Y BARBERIAS,"3.000,00 Euros",15/05/2025,"40.29242905777220,-3.78514403327747",https://www.datoscif.es/empresa/abdel-e-isa-guerrero-peluqueros-sl
ELEVATE DINING GROUP SL,349602594,C/ HUESCA 16 1-6,28020,Madrid,Madrid,"La sociedad tendrá por objeto las Siguientes actividades.. Actividad principal CNAE 5611 - Restaurantes. Otras actividades; 6612 Puestos de comidas, 5621 Servicios ocasionales de catering, 5622 Servicios regulares de catering y otros servicios de comides, 5630 Servicios de bebidas, 5640 Actividades","3.000,00 Euros",16/05/2025,"40.45782655731425,-3.69744640713764",https://www.datoscif.es/empresa/elevate-dining-group-sl
MEJICO11ARDEMANS SL,+34914428817,C/ MEJICO 11 - BAJO 4 D,28028,Madrid,Madrid,PROMOCION INMOBILIARIA,"41.500,00 Euros",29/04/2025,"40.43616698703683,-3.67446751415520",https://www.datoscif.es/empresa/mejico11ardemans-sl
NEW DETRA SL,118395145,Not available,,-,Madrid,"El comercio al por mayor de equipamiento y mobiliario de oficina.  Todas las citadas operaciones podrán ser realizadas por la Sociedad, ya directamente, ya indirectamente mediante la titularidad de acciones o participaciones en sociedades de objeto análogo o mediante cualquiera otra forma admitida..","3.000,00 Euros",01/04/2025,,https://www.datoscif.es/empresa/new-detra-sl
MAISONS PARTICULIERES SL,349157650,C/ COSTA RICA 13 2 A-,28016,Madrid,Madrid,"LA REALIZACION DE TODO TIPO DE ACTIVIDADES DE CARACTER INMOBILIARIO,","3.000,00 Euros",28/04/2025,"40.45877744524132,-3.67336695934224",https://www.datoscif.es/empresa/maisons-particulieres-sl
THE IMAGINE HOUSE SL,+34913101314,AVDA DEL COMANDANTE FRANCO 24,28016,Madrid,Madrid,"a) La organización de congresos, reuniones, mesas de trabajo, simposios, asambleas, exposiciones, ferias, cursos de formación o cualquier otro evento divulgativo, formativo, turístico o intelectual. c) La prestación de todo tipo de servicios relativos a la comunicación, información y divulgación","3.000,00 Euros",25/03/2025,"40.46575078253171,-3.67424352877583",https://www.datoscif.es/empresa/the-imagine-house-sl
CARUPANADAS SPAIN SL,+34917454131,C/ PRINCIPE DE VERGARA 33 5º - IZQUIERDA,28001,Madrid,Madrid,"La gestión, explotación y desarrollo de los negocios de actividad de hostelería y restauración mediante la explotación de bares, restaurantes, discotecas, cafeterías, hasta:es o hoteles, o cualquier negocio desarrollado con la hostelería. - La elaboración, producción y venta de todo tipo de comidas","3.000,00 Euros",23/04/2025,"40.42665369682562,-3.68063616056056",https://www.datoscif.es/empresa/carupanadas-spain-sl
GAINERSVILLE SL,+34917364248,C/ PRINCIPE DE VERGARA 112 4º,28002,Madrid,Madrid,"-la constitución, participación por si misma o de forma indirecta en la gestión y control de otras empresas y sociedades; -la adquisición, enajenación, tenencia y explotación de bienes inmuebles; vehículos de todo tipo, época y lugar; máquinas de todo tipo; pinturas de todo tipo y época; esculturas","3.000,00 Euros",09/05/2025,"40.43975372683499,-3.67851995760659",https://www.datoscif.es/empresa/gainersville-sl
LIVE HOLDING 2025 SL,+34910418793,C/ VILLABLINO 28 3ª 2,28947,Fuenlabrada,Madrid,"Actividad principal: Compraventa de bienes inmobiliarios por cuenta propia que se encuentra comprendida en el epígrafe CNAE (68.11). Además, tendrá las siguientes actividades: Compra, venta, explotación comercial de bienes inmuebles, importación, exportación y consultoría de marketing","3.000,00 Euros",16/05/2025,"40.26092340451176,-3.74448483915327",https://www.datoscif.es/empresa/live-holding-2025-sl
SENSIBLE MAGIC SL,349155525,C/ HORTALEZA 96 2 A,28004,Madrid,Madrid,ACTIVIDADES DE SOCIEDADES HOLDING,"63.000,00 Euros",25/04/2025,"40.42459931844390,-3.69781132801179",https://www.datoscif.es/empresa/sensible-magic-sl
FRANATICA SERVICES SL,+34918140064,"C/ FRANCIA 15 - LOCAL 27, NAVE 5",28971,Griñón,Madrid,"Alquiler de maquinaria y equipo de uso agrícola Reparación y mantenimiento de maquinaria, Alquiler de automóviles y vehículos de motor ligeros, Alquiler de otra maquinaria, equipos y bienes tangibles n.c.o.p. , Depósito y almacenamiento, Alquiler de maquinaria y equipo para la construcción e","3.000,00 Euros",27/05/2025,,https://www.datoscif.es/empresa/franatica-services-sl
BELAGUA ATOCHA SL,+34916260700,PASEO CLUB DEPORTIVO 1 - PARQUE EMPRESARIAL LA FIN,28223,Pozuelo de Alarcón,Madrid,"La sociedad tiene por objeto la compraventa, arrendamiento no financiero y explotación de hoteles y demás establecimientos de hotelería, restauración y demás servicios de alojamiento","3.000,00 Euros",14/04/2025,"40.41913154107309,-3.80077570050490",https://www.datoscif.es/empresa/belagua-atocha-sl
ESTETICA DENTAL SANTIAGO G. ZURDO SL,+34916403749,"C/ ALHELI 1 - PORTAL 2, PLANTA BAJA PUERTA B",28231,Las Rozas de Madrid,Madrid,"La sociedad tiene por objeto principal, como sociedad de intermediación y por medio de los profesionales, con titulación adecuada y previa obtención de los oportunos permisos administrativos, en su caso: - El desarrollo de la actividad de fabricación, reparación y adaptación de prótesis dentales..","3.000,00 Euros",29/04/2025,,https://www.datoscif.es/empresa/estetica-dental-santiago-g-zurdo-sl
CLEAN BY C Y V SL,349120385,AVDA PIRINEOS 3 2º - LOFT 221,28703,San Sebastián de los Reyes,Madrid,"-Otras actividades de limpieza industrial y de Edificios. Construcción de edificios. - La prestación de servicios de manejo de grúas en obras civiles: montaje y desmontaje de grúas, el transporte y elevación de materiales, la realización de maniobras especiales con grúas,","3.000,00 Euros",22/05/2025,"40.54810994884635,-3.61044046706690",https://www.datoscif.es/empresa/clean-by-c-y-v-sl
DARLEY REFORMAS SL,+34655034455,C/ SAN LORENZO 8 A - INTERIOR MEDIO,28004,Madrid,Madrid,"Construcción de Edificios no residenciales. Transporte de Mercancías por carretera. Limpieza general de edificios. Servicios integrales a edificios e instalaciones. La sociedad tendrá como objeto principal: ""Construcción de edificios residenciales"".CNAE.- 4101.","3.005,00 Euros",08/05/2025,"40.42490295596836,-3.69957977607775",https://www.datoscif.es/empresa/darley-reformas-sl
SABOR Y DESCONTROL LATINO SL,+34914450713,C/ PABLADURA DEL VALLE 27 - LOCAL 4,28037,Madrid,Madrid,OTRAS ACTIVIDADES RECREATIVAS Y DE ENTRETENIMIENTO .  RESTAURANTES PUESTOS DE COMIDA,"3.000,00 Euros",07/05/2025,"40.42799735342850,-3.61625049210316",https://www.datoscif.es/empresa/sabor-y-descontrol-latino-sl
POTENCIA AHORROS ENERGETICOS SL,+34913146673,PASEO DE LA CASTELLANA 257 - TORRE SUR,28046,Madrid,Madrid,"Otras actividades de apoyo a las empresas.1. Servicios de hostelería y de restauración. 2. Construcción, instalaciones y mantenimiento. 3. Comercio al por mayor y al por menor. Distribución comercial. Importación y exportación. 4. Actividades Inmobiliarias. 5. Industrias manufactureras y textiles","1.000,00 Euros",22/05/2025,"40.47513839107579,-3.68856304475359",https://www.datoscif.es/empresa/potencia-ahorros-energeticos-sl
PSICOLOGOS MADRID PURA VIDA SL,+34645286468,C/ BATALLA DEL SALADO 7 - ENTREPLANTA,28045,Madrid,Madrid,"Los servicios de psicología, psiquiatría, pedagogía y similares. Los servicios de consultoría sobre temas sanitarios y parasanitarios. El arrendamiento y subarrendamiento de bienes inmuebles por cuenta propia","3.000,00 Euros",13/03/2025,"40.40343032617762,-3.69547544791710",https://www.datoscif.es/empresa/psicologos-madrid-pura-vida-sl
KUO PLAZA HOSTELERIA SL,+34670763998,"C/ JOAQUIN TURINA - NUMERO 66, LOCAL",28044,Madrid,Madrid,"La actividad principal de la Sociedad es : Servicios de Bebidas.  Pudiendo dedicarse la Sociedad además a: La explotación de negocios de hostelería directamente o por contrata o concesión de ,Intidades públicas y privadas, tales como bares, cervecerías, marisquerías, cafeterías, pizzerías,..","1.000,00 Euros",19/05/2025,"40.37232632117234,-3.75893417750189",https://www.datoscif.es/empresa/kuo-plaza-hosteleria-sl
NUTRISCIENCE LABS SL,+34697748599,C/ FRAY LUIS DE LEON 4 2º C,28231,Las Rozas de Madrid,Madrid,"LA IMPORTACION, EXPORTACION, VENTA AL POR MAYOR, VENTA AL POR MENOR, DISTRIBUCION, REPRESENTACION Y COMERCIALIZACION DE COMPLEMENTOS ALIMENTICIOS, PRODUCTOS NUTRACEUTICOS Y PRODUCTOS RELACIONADOS CON LA SALUD Y EL BIENESTAR, TANTO A NIVEL NACIONAL COMO INTERNACIONAL","3.000,00 Euros",07/05/2025,,https://www.datoscif.es/empresa/nutriscience-labs-sl
CORBATOVA SL,346444498,CALLE MIGUEL DE CERVANTES Número3,28978,Cubas de la Sagra,Madrid,Actividades de consultoría informática y gestión de instalaciones informáticas,"20,00 Euros",20/05/2025,"40.19172156478987,-3.83427153012799",https://www.datoscif.es/empresa/corbatova-sl
ALONJOR CAB SL,+34917677480,C/ CINCEL 6 1 - OFICINA 19,28521,Rivas-Vaciamadrid,Madrid,Actividad Principal: 4933 Servicios de transporte de pasajeros bajo demanda en vehículos con conductor Principal Otras actividades: 41.01 / Construcción de edificios residenciales. 4399 Otras actividades de construcción especializada. 5610 Restaurantes y puestos de comida 6810 Compraventa de bienes,"3.000,00 Euros",09/05/2025,"40.34950758552994,-3.54223409211452",https://www.datoscif.es/empresa/alonjor-cab-sl
RAICES HOUSE SL,503760334,CALLE MIÑO Número3,28864,Ajalvir,Madrid,"Conservación, restauración y otras actividades de apoyo al patrimonio cultural","200,00 Euros",01/06/2025,"40.50131668398215,-3.48044101290998",https://www.datoscif.es/empresa/raices-house-sl
LOGISTICA LEARI SL,+34608085405,"C/ OSLO 34 - PUERTA B, PLANTA 3",28922,Alcorcón,Madrid,Alquiler de camiones. Reparación y mantenimiento de vehículos de motor. Transporte de mercancías por carretera,"16.500,00 Euros",30/05/2025,"40.34420676606313,-3.84363578620076",https://www.datoscif.es/empresa/logistica-leari-sl
